distinct_scheme_key,in_prod,in_dev,scheme_family_key,prod_instrument_id,dev_instrument_id,amfi_scheme_code,isins,amc_name,scheme_name,plan_type,option_type,plan_raw,option_raw,category_group,sub_category,category_header_raw,instrument_class,country_of_domicile,base_currency,unresolved_identity,likely_test_fixture,identity_notes,prod_holder_count_users,dev_holder_count_users,prod_holder_count_current,dev_holder_count_current,first_transaction_date,latest_holding_date,earliest_nav_date_on_file,required_series_from_tx_rule,required_series_from_nav_rule,required_from_date,required_basis,mapping_state,current_benchmark_key,availability_state,benchmark_series_min_date,benchmark_series_max_date
amfi:103174,true,false,aditya birla sun life|aditya birla sun life large cap fund,f39ce044-6827-4dde-88dc-02a2499e8c67,,103174,INF209K01BR9,Aditya Birla Sun Life Mutual Fund,Aditya Birla Sun Life Large Cap Fund,regular,growth,Regular Plan,GROWTH,Equity Scheme,Large Cap Fund,Open Ended Schemes(Equity Scheme - Large Cap Fund),mutual_fund,IN,INR,false,false,instrument_provisional,3,0,3,0,2015-08-21,2026-09-04,2006-04-03,2015-08-11,2006-03-24,2006-03-24,earliest_nav_on_file,unmapped,,no_current_mapping,,
amfi:112277,true,false,axis|axis large cap fund,45773ec3-63e8-41a9-8d91-17dd7afd2d2f,,112277,INF846K01164,Axis Mutual Fund,Axis Large Cap Fund,regular,growth,Regular Plan,Growth Option,Equity Schemes,Large Cap Fund,Open Ended Schemes(Equity Schemes - Large Cap Fund),mutual_fund,IN,INR,false,false,instrument_provisional,3,0,3,0,2013-09-17,2026-09-04,2010-01-07,2013-09-07,2009-12-28,2009-12-28,earliest_nav_on_file,unmapped,,no_current_mapping,,
amfi:100520,true,false,franklin templeton|franklin india flexi cap fund,78ff8c83-6dd4-41a2-8324-244576cf347b,,100520,INF090I01239,Franklin Templeton Mutual Fund,Franklin India Flexi Cap Fund,regular,growth,Regular Plan,Growth,Equity Scheme,Flexi Cap Fund,Open Ended Schemes(Equity Scheme - Flexi Cap Fund),mutual_fund,IN,INR,false,false,instrument_provisional,3,0,3,0,2022-12-12,2026-09-04,2006-04-03,2022-12-02,2006-03-24,2006-03-24,earliest_nav_on_file,unmapped,,no_current_mapping,,
amfi:100473,true,false,franklin templeton|franklin india mid cap fund,385feb70-cb10-4442-a0f8-df16ff63d933,,100473,INF090I01809,Franklin Templeton Mutual Fund,Franklin India Mid Cap Fund,regular,growth,Regular Plan,Growth,Equity Scheme,Mid Cap Fund,Open Ended Schemes(Equity Scheme - Mid Cap Fund),mutual_fund,IN,INR,false,false,instrument_provisional,3,0,3,0,2015-08-21,2026-09-04,2006-04-03,2015-08-11,2006-03-24,2006-03-24,earliest_nav_on_file,unmapped,,no_current_mapping,,
amfi:100119,true,false,hdfc|hdfc balanced advantage fund,45895499-e147-49db-a6b3-7c6a496db593,,100119,INF179K01830,HDFC Mutual Fund,HDFC Balanced Advantage Fund,regular,growth,Regular Plan,Growth Option,Hybrid Scheme,Dynamic Asset Allocation or Balanced Advantage,Open Ended Schemes(Hybrid Scheme - Dynamic Asset Allocation or Balanced Advantage),mutual_fund,IN,INR,false,false,instrument_provisional,3,0,3,0,2018-06-01,2026-09-04,2006-04-03,2018-05-22,2006-03-24,2006-03-24,earliest_nav_on_file,unmapped,,no_current_mapping,,
amfi:118955,false,true,hdfc|hdfc flexi cap fund,,37a3d60e-47db-4fb9-af8b-4a174dfa1f2f,118955,INF179K01UT0,HDFC Mutual Fund,HDFC Flexi Cap Fund,direct,growth,Direct Plan,Growth Option,Equity Scheme,Flexi Cap Fund,Open Ended Schemes(Equity Scheme - Flexi Cap Fund),mutual_fund,IN,INR,false,false,instrument_provisional,0,1,0,1,2026-08-01,2026-09-18,2026-08-05,2026-07-22,2026-07-26,2026-07-22,first_transaction,unmapped,,no_current_mapping,,
amfi:101762,true,false,hdfc|hdfc flexi cap fund,2bc46829-183d-4acf-af90-852d7bfb6abd,,101762,INF179K01608,HDFC Mutual Fund,HDFC Flexi Cap Fund,regular,growth,Regular Plan,Growth Option,Equity Scheme,Flexi Cap Fund,Open Ended Schemes(Equity Scheme - Flexi Cap Fund),mutual_fund,IN,INR,false,false,instrument_provisional,3,0,3,0,2022-12-12,2026-09-04,2006-04-03,2022-12-02,2006-03-24,2006-03-24,earliest_nav_on_file,unmapped,,no_current_mapping,,
amfi:115934,true,false,hdfc|hdfc gold etf fund of fund,893f5175-9d80-4126-9c6f-37ebff7151a8,,115934,INF179K01LC5,HDFC Mutual Fund,HDFC Gold ETF Fund of Fund,regular,growth,Regular Plan,Growth Option,Other Scheme,FoF Domestic,Open Ended Schemes(Other Scheme - FoF Domestic),mutual_fund,IN,INR,false,false,instrument_provisional,3,0,3,0,2026-01-16,2026-09-04,2011-11-02,2026-01-06,2011-10-23,2011-10-23,earliest_nav_on_file,unmapped,,no_current_mapping,,
amfi:119018,true,false,hdfc|hdfc large cap fund,a4523fbc-48ae-4652-9f46-2a8221b800b9,,119018,INF179K01YV8,HDFC Mutual Fund,HDFC Large Cap Fund,direct,growth,Direct Plan,Growth Option,Equity Scheme,Large Cap Fund,Open Ended Schemes(Equity Scheme - Large Cap Fund),mutual_fund,IN,INR,false,false,instrument_provisional,3,0,3,0,2019-10-22,2026-09-04,2013-01-01,2019-10-12,2012-12-22,2012-12-22,earliest_nav_on_file,unmapped,,no_current_mapping,,
amfi:102000,true,false,hdfc|hdfc large cap fund,f2d6ad26-d683-4e35-8f92-1e43fbb7c5d8,,102000,INF179K01BE2,HDFC Mutual Fund,HDFC Large Cap Fund,regular,growth,Regular Plan,Growth Option,Equity Scheme,Large Cap Fund,Open Ended Schemes(Equity Scheme - Large Cap Fund),mutual_fund,IN,INR,false,false,instrument_provisional,3,0,3,0,2022-08-16,2026-09-04,2006-04-03,2022-08-06,2006-03-24,2006-03-24,earliest_nav_on_file,unmapped,,no_current_mapping,,
amfi:105758,true,false,hdfc|hdfc mid cap fund,2e3a5ddd-a547-4a87-9369-57050b672a59,,105758,INF179K01CR2,HDFC Mutual Fund,HDFC Mid Cap Fund,regular,growth,Regular Plan,Growth Option,Equity Scheme,Mid Cap Fund,Open Ended Schemes(Equity Scheme - Mid Cap Fund),mutual_fund,IN,INR,false,false,instrument_provisional,3,0,3,0,2026-01-21,2026-09-04,2007-07-05,2026-01-11,2007-06-25,2007-06-25,earliest_nav_on_file,unmapped,,no_current_mapping,,
amfi:130502,true,false,hdfc|hdfc small cap fund,dde7cfa5-c470-4814-bba0-4da9624f13aa,,130502,INF179KA1RZ8,HDFC Mutual Fund,HDFC Small Cap Fund,regular,growth,Regular Plan,Growth Option,Equity Scheme,Small Cap Fund,Open Ended Schemes(Equity Scheme - Small Cap Fund),mutual_fund,IN,INR,false,false,instrument_provisional,3,0,3,0,2026-01-12,2026-09-04,2014-06-30,2026-01-02,2014-06-20,2014-06-20,earliest_nav_on_file,unmapped,,no_current_mapping,,
amfi:129310,true,false,icici prudential|icici prudential yield fund,2f883968-81ec-4c71-b9a8-145afed92ef1,,129310,INF109KA1TX4,ICICI Prudential Mutual Fund,ICICI Prudential Dividend Yield Fund,regular,growth,Regular Plan,Growth,Equity Schemes,Dividend Yield Fund,Open Ended Schemes(Equity Schemes - Dividend Yield Fund),mutual_fund,IN,INR,false,false,instrument_provisional,3,0,3,0,2022-12-07,2026-09-04,2014-05-19,2022-11-27,2014-05-09,2014-05-09,earliest_nav_on_file,unmapped,,no_current_mapping,,
amfi:104908,true,false,kotak mahindra|kotak mid cap fund,9a923d57-cba1-45ba-a336-c2984d5f9c0f,,104908,INF174K01DS9,Kotak Mahindra Mutual Fund,Kotak Mid Cap Fund,regular,growth,Regular Plan,Growth,Equity Schemes,Mid Cap Fund,Open Ended Schemes(Equity Schemes - Mid Cap Fund),mutual_fund,IN,INR,false,false,instrument_provisional,3,0,3,0,2022-08-23,2026-09-04,2007-04-02,2022-08-13,2007-03-23,2007-03-23,earliest_nav_on_file,unmapped,,no_current_mapping,,
amfi:118834,false,true,mirae asset|mirae asset large and midcap fund,,2c86c8cf-c898-428f-a91f-6543b3f44c1c,118834,INF179K01YW8;INF769K01BI1,Mirae Asset Mutual Fund,Mirae Asset Large & Midcap Fund,direct,growth,Direct Plan,Growth,Equity Schemes,Large & Mid Cap Fund,Open Ended Schemes(Equity Schemes - Large & Mid Cap Fund),mutual_fund,IN,INR,false,false,instrument_provisional,0,1,0,1,2025-02-01,2025-06-30,2013-01-02,2025-01-22,2012-12-23,2012-12-23,earliest_nav_on_file,unmapped,,no_current_mapping,,
amfi:101262,true,false,nippon india|nippon india power and infra fund,85f2043f-451e-4739-8a6d-eddd498d98d1,,101262,INF204K01AE0,Nippon India Mutual Fund,Nippon India Power & Infra Fund,regular,growth,Regular Plan,Growth Option,Equity Schemes,Sectoral Fund,Open Ended Schemes(Equity Schemes - Sectoral Fund),mutual_fund,IN,INR,false,false,instrument_provisional,3,0,3,0,2007-12-17,2026-09-04,2006-04-03,2007-12-07,2006-03-24,2006-03-24,earliest_nav_on_file,unmapped,,no_current_mapping,,
amfi:122639,true,false,ppfas|parag parikh flexi cap fund,42c2515b-e4e4-4596-9967-016f67376895,,122639,INF879O01027,PPFAS Mutual Fund,Parag Parikh Flexi Cap Fund,direct,growth,Direct Plan,Growth,Equity Scheme,Flexi Cap Fund,Open Ended Schemes(Equity Scheme - Flexi Cap Fund),mutual_fund,IN,INR,false,false,instrument_provisional,1,0,1,0,2023-04-03,2026-09-18,2013-05-28,2023-03-24,2013-05-18,2013-05-18,earliest_nav_on_file,unmapped,,no_current_mapping,,
amfi:102414,true,false,sbi|sbi contra fund,76c30cb9-1fa2-44cd-aa7b-5f04578c53d1,,102414,INF200K01362,SBI Mutual Fund,SBI CONTRA FUND,regular,growth,Regular Plan,Growth,Equity Scheme,Contra Fund,Open Ended Schemes(Equity Scheme - Contra Fund),mutual_fund,IN,INR,false,false,instrument_provisional,3,0,3,0,2022-12-01,2026-09-04,2006-04-03,2022-11-21,2006-03-24,2006-03-24,earliest_nav_on_file,unmapped,,no_current_mapping,,
amfi:103504,true,true,sbi|sbi large cap fund,c0d91bd7-18ad-4510-9a4a-283d94d0ef0a,ec86c858-e428-4e80-931e-3f0d44492bbb,103504,INF200K01180;INF200K01UP0,SBI Mutual Fund,SBI Large Cap Fund,regular,growth,Regular Plan,Growth,Equity Scheme,Large Cap Fund,Open Ended Schemes(Equity Scheme - Large Cap Fund),mutual_fund,IN,INR,false,false,instrument_provisional,1,4,0,1,2022-02-01,2026-09-18,2006-04-03,2022-01-22,2006-03-24,2006-03-24,earliest_nav_on_file,unmapped,,no_current_mapping,,
amfi:103408,true,false,sbi|sbi multi asset allocation fund,2bce8e6f-1eb6-4cb7-9be1-c60b0ee7e0dd,,103408,INF200K01800,SBI Mutual Fund,SBI MULTI ASSET ALLOCATION FUND,regular,growth,Regular Plan,Growth,Hybrid Scheme,Multi Asset Allocation,Open Ended Schemes(Hybrid Scheme - Multi Asset Allocation),mutual_fund,IN,INR,false,false,instrument_provisional,3,0,3,0,2026-02-05,2026-09-04,2006-04-03,2026-01-26,2006-03-24,2006-03-24,earliest_nav_on_file,unmapped,,no_current_mapping,,
dev-instrument:11111111-1111-4111-8111-111111111101,false,true,unknown_amc|hdfc flexi cap fund,,11111111-1111-4111-8111-111111111101,TESTFIX-AMFI-HDFCFC-001,,,HDFC Flexi Cap Fund - Growth (Direct Plan),,,,,,,,mutual_fund,IN,INR,true,true,instrument_provisional;likely_test_fixture;no_scheme_master_row,0,1,0,0,,,,,,,,unmapped,,no_current_mapping,,
isin:INF109KA1Z62,false,true,unknown_amc|icici prudential corporate bond fund,,ab8e285d-7303-41c4-a850-eb97f993a880,,INF109KA1Z62,,ICICI Prudential Corporate Bond Fund - Growth (Direct Plan),,,,,,,,mutual_fund,IN,INR,true,false,no_amfi_code_anywhere;no_scheme_master_row,0,3,0,0,2019-01-01,2024-06-01,,2018-12-22,,2018-12-22,first_transaction(no_nav_on_file),unmapped,,no_current_mapping,,
dev-instrument:9cab2e13-420b-45d5-a1f8-509f7b3dcbd0,false,true,unknown_amc|r6f aud household inr fund,,9cab2e13-420b-45d5-a1f8-509f7b3dcbd0,,,,R6F AUD Household INR Fund - Growth (Direct Plan),,,,,,,,mutual_fund,IN,INR,true,true,likely_test_fixture;no_amfi_code_anywhere;no_scheme_master_row;same_family_plan_option_on_multiple_instruments,0,1,0,0,2022-04-01,2024-05-01,,2022-03-22,,2022-03-22,first_transaction(no_nav_on_file),unmapped,,no_current_mapping,,
dev-instrument:a770a222-304f-4313-984c-d07e5bf49fc0,false,true,unknown_amc|r6f aud household inr fund,,a770a222-304f-4313-984c-d07e5bf49fc0,,,,R6F AUD Household INR Fund - Growth (Direct Plan),,,,,,,,mutual_fund,IN,INR,true,true,likely_test_fixture;no_amfi_code_anywhere;no_scheme_master_row;same_family_plan_option_on_multiple_instruments,0,1,0,0,2022-04-01,2024-05-01,,2022-03-22,,2022-03-22,first_transaction(no_nav_on_file),unmapped,,no_current_mapping,,
dev-instrument:c7d248e5-dd36-4d99-8a9c-8a4524c55241,false,true,unknown_amc|r6f aud household inr fund,,c7d248e5-dd36-4d99-8a9c-8a4524c55241,,,,R6F AUD Household INR Fund - Growth (Direct Plan),,,,,,,,mutual_fund,IN,INR,true,true,likely_test_fixture;no_amfi_code_anywhere;no_scheme_master_row;same_family_plan_option_on_multiple_instruments,0,1,0,0,2022-04-01,2024-05-01,,2022-03-22,,2022-03-22,first_transaction(no_nav_on_file),unmapped,,no_current_mapping,,
dev-instrument:06ce0728-13c3-481a-adcf-74ac5ca3ef49,false,true,unknown_amc|r6f grandfathered equity fund,,06ce0728-13c3-481a-adcf-74ac5ca3ef49,,,,R6F Grandfathered Equity Fund - Growth (Direct Plan),,,,,,,,mutual_fund,IN,INR,true,true,likely_test_fixture;no_amfi_code_anywhere;no_scheme_master_row;same_family_plan_option_on_multiple_instruments,0,1,0,0,2016-05-10,2024-03-01,2018-01-31,2016-04-30,2018-01-21,2016-04-30,first_transaction,unmapped,,no_current_mapping,,
dev-instrument:8442f254-fb09-4f3c-9c9d-ed88ecc4e85b,false,true,unknown_amc|r6f grandfathered equity fund,,8442f254-fb09-4f3c-9c9d-ed88ecc4e85b,,,,R6F Grandfathered Equity Fund - Growth (Direct Plan),,,,,,,,mutual_fund,IN,INR,true,true,likely_test_fixture;no_amfi_code_anywhere;no_scheme_master_row;same_family_plan_option_on_multiple_instruments,0,1,0,0,2016-05-10,2024-03-01,2018-01-31,2016-04-30,2018-01-21,2016-04-30,first_transaction,unmapped,,no_current_mapping,,
dev-instrument:88b6cfe2-86eb-45b5-a308-a7a36c912acf,false,true,unknown_amc|r6f grandfathered equity fund,,88b6cfe2-86eb-45b5-a308-a7a36c912acf,,,,R6F Grandfathered Equity Fund - Growth (Direct Plan),,,,,,,,mutual_fund,IN,INR,true,true,likely_test_fixture;no_amfi_code_anywhere;no_scheme_master_row;same_family_plan_option_on_multiple_instruments,0,1,0,0,2016-05-10,2024-03-01,2018-01-31,2016-04-30,2018-01-21,2016-04-30,first_transaction,unmapped,,no_current_mapping,,
dev-instrument:0f1682d0-3236-43d3-a883-16f4e4f5f13d,false,true,unknown_amc|r6f multi lot fifo fund,,0f1682d0-3236-43d3-a883-16f4e4f5f13d,,,,R6F Multi-Lot FIFO Fund - Growth (Direct Plan),,,,,,,,mutual_fund,IN,INR,true,true,likely_test_fixture;no_amfi_code_anywhere;no_scheme_master_row;same_family_plan_option_on_multiple_instruments,0,1,0,0,2022-01-05,2024-01-10,,2021-12-26,,2021-12-26,first_transaction(no_nav_on_file),unmapped,,no_current_mapping,,
dev-instrument:4e55badd-e4db-4ad2-afbc-30ee738e7597,false,true,unknown_amc|r6f multi lot fifo fund,,4e55badd-e4db-4ad2-afbc-30ee738e7597,,,,R6F Multi-Lot FIFO Fund - Growth (Direct Plan),,,,,,,,mutual_fund,IN,INR,true,true,likely_test_fixture;no_amfi_code_anywhere;no_scheme_master_row;same_family_plan_option_on_multiple_instruments,0,1,0,0,2022-01-05,2024-01-10,,2021-12-26,,2021-12-26,first_transaction(no_nav_on_file),unmapped,,no_current_mapping,,
dev-instrument:b375ca21-e9c3-447f-b1b2-08505644d6fa,false,true,unknown_amc|r6f multi lot fifo fund,,b375ca21-e9c3-447f-b1b2-08505644d6fa,,,,R6F Multi-Lot FIFO Fund - Growth (Direct Plan),,,,,,,,mutual_fund,IN,INR,true,true,likely_test_fixture;no_amfi_code_anywhere;no_scheme_master_row;same_family_plan_option_on_multiple_instruments,0,1,0,0,2022-01-05,2024-01-10,,2021-12-26,,2021-12-26,first_transaction(no_nav_on_file),unmapped,,no_current_mapping,,
dev-instrument:0c29a742-4230-4e84-b7a3-ee51a912980d,false,true,unknown_amc|r6f no profile fund,,0c29a742-4230-4e84-b7a3-ee51a912980d,,,,R6F No-Profile Fund - Growth (Direct Plan),,,,,,,,mutual_fund,IN,INR,true,true,likely_test_fixture;no_amfi_code_anywhere;no_scheme_master_row;same_family_plan_option_on_multiple_instruments,0,1,0,0,2022-01-01,2024-01-05,,2021-12-22,,2021-12-22,first_transaction(no_nav_on_file),unmapped,,no_current_mapping,,
dev-instrument:aeba6a30-29cc-4246-b10a-fef847705986,false,true,unknown_amc|r6f no profile fund,,aeba6a30-29cc-4246-b10a-fef847705986,,,,R6F No-Profile Fund - Growth (Direct Plan),,,,,,,,mutual_fund,IN,INR,true,true,likely_test_fixture;no_amfi_code_anywhere;no_scheme_master_row;same_family_plan_option_on_multiple_instruments,0,1,0,0,2022-01-01,2024-01-05,,2021-12-22,,2021-12-22,first_transaction(no_nav_on_file),unmapped,,no_current_mapping,,
dev-instrument:e1b25c0d-be07-4234-b490-6cef657ac49f,false,true,unknown_amc|r6f no profile fund,,e1b25c0d-be07-4234-b490-6cef657ac49f,,,,R6F No-Profile Fund - Growth (Direct Plan),,,,,,,,mutual_fund,IN,INR,true,true,likely_test_fixture;no_amfi_code_anywhere;no_scheme_master_row;same_family_plan_option_on_multiple_instruments,0,1,0,0,2022-01-01,2024-01-05,,2021-12-22,,2021-12-22,first_transaction(no_nav_on_file),unmapped,,no_current_mapping,,
dev-instrument:d107f503-17ed-4478-a1a9-96067b493158,false,true,unknown_amc|r6f nri fund,,d107f503-17ed-4478-a1a9-96067b493158,,,,R6F NRI Fund - Growth (Direct Plan),,,,,,,,mutual_fund,IN,INR,true,true,likely_test_fixture;no_amfi_code_anywhere;no_scheme_master_row;same_family_plan_option_on_multiple_instruments,0,1,0,0,2022-01-01,2024-01-05,,2021-12-22,,2021-12-22,first_transaction(no_nav_on_file),unmapped,,no_current_mapping,,
dev-instrument:e60b3212-cf7f-43d0-96c0-e667389929fb,false,true,unknown_amc|r6f nri fund,,e60b3212-cf7f-43d0-96c0-e667389929fb,,,,R6F NRI Fund - Growth (Direct Plan),,,,,,,,mutual_fund,IN,INR,true,true,likely_test_fixture;no_amfi_code_anywhere;no_scheme_master_row;same_family_plan_option_on_multiple_instruments,0,1,0,0,2022-01-01,2024-01-05,,2021-12-22,,2021-12-22,first_transaction(no_nav_on_file),unmapped,,no_current_mapping,,
dev-instrument:eea73da5-ac47-45d3-a7f7-7dfd5c0883c7,false,true,unknown_amc|r6f nri fund,,eea73da5-ac47-45d3-a7f7-7dfd5c0883c7,,,,R6F NRI Fund - Growth (Direct Plan),,,,,,,,mutual_fund,IN,INR,true,true,likely_test_fixture;no_amfi_code_anywhere;no_scheme_master_row;same_family_plan_option_on_multiple_instruments,0,1,0,0,2022-01-01,2024-01-05,,2021-12-22,,2021-12-22,first_transaction(no_nav_on_file),unmapped,,no_current_mapping,,
dev-instrument:56a8648f-1fea-4a50-9804-bee59020c3f3,false,true,unknown_amc|r6f partial redemption fund,,56a8648f-1fea-4a50-9804-bee59020c3f3,,,,R6F Partial Redemption Fund - Growth (Direct Plan),,,,,,,,mutual_fund,IN,INR,true,true,likely_test_fixture;no_amfi_code_anywhere;no_scheme_master_row;same_family_plan_option_on_multiple_instruments,0,1,0,0,2023-03-01,2024-06-01,,2023-02-19,,2023-02-19,first_transaction(no_nav_on_file),unmapped,,no_current_mapping,,
dev-instrument:69a9e861-6746-4154-9316-37b56c94210a,false,true,unknown_amc|r6f partial redemption fund,,69a9e861-6746-4154-9316-37b56c94210a,,,,R6F Partial Redemption Fund - Growth (Direct Plan),,,,,,,,mutual_fund,IN,INR,true,true,likely_test_fixture;no_amfi_code_anywhere;no_scheme_master_row;same_family_plan_option_on_multiple_instruments,0,1,0,0,2023-03-01,2024-06-01,,2023-02-19,,2023-02-19,first_transaction(no_nav_on_file),unmapped,,no_current_mapping,,
dev-instrument:7950f654-d860-48cc-b755-03e261113916,false,true,unknown_amc|r6f partial redemption fund,,7950f654-d860-48cc-b755-03e261113916,,,,R6F Partial Redemption Fund - Growth (Direct Plan),,,,,,,,mutual_fund,IN,INR,true,true,likely_test_fixture;no_amfi_code_anywhere;no_scheme_master_row;same_family_plan_option_on_multiple_instruments,0,1,0,0,2023-03-01,2024-06-01,,2023-02-19,,2023-02-19,first_transaction(no_nav_on_file),unmapped,,no_current_mapping,,
dev-instrument:24de1ede-b4bc-4627-9da4-faad9fe2d5f3,false,true,unknown_amc|r6f simple equity fund,,24de1ede-b4bc-4627-9da4-faad9fe2d5f3,,,,R6F Simple Equity Fund - Growth (Direct Plan),,,,,,,,mutual_fund,IN,INR,true,true,likely_test_fixture;no_amfi_code_anywhere;no_scheme_master_row;same_family_plan_option_on_multiple_instruments,0,1,0,0,2023-01-10,2024-06-15,,2022-12-31,,2022-12-31,first_transaction(no_nav_on_file),unmapped,,no_current_mapping,,
dev-instrument:40df5d0c-5d8b-4560-ae85-b29a5a6c57d4,false,true,unknown_amc|r6f simple equity fund,,40df5d0c-5d8b-4560-ae85-b29a5a6c57d4,,,,R6F Simple Equity Fund - Growth (Direct Plan),,,,,,,,mutual_fund,IN,INR,true,true,likely_test_fixture;no_amfi_code_anywhere;no_scheme_master_row;same_family_plan_option_on_multiple_instruments,0,1,0,0,2023-01-10,2024-06-15,,2022-12-31,,2022-12-31,first_transaction(no_nav_on_file),unmapped,,no_current_mapping,,
dev-instrument:868f1028-751d-4546-8d3a-cb48abd49904,false,true,unknown_amc|r6f simple equity fund,,868f1028-751d-4546-8d3a-cb48abd49904,,,,R6F Simple Equity Fund - Growth (Direct Plan),,,,,,,,mutual_fund,IN,INR,true,true,likely_test_fixture;no_amfi_code_anywhere;no_scheme_master_row;same_family_plan_option_on_multiple_instruments,0,1,0,0,2023-01-10,2024-06-15,,2022-12-31,,2022-12-31,first_transaction(no_nav_on_file),unmapped,,no_current_mapping,,
dev-instrument:08cc5988-5a29-4679-97b9-e71c85b2eca9,false,true,unknown_amc|r6f switch source fund,,08cc5988-5a29-4679-97b9-e71c85b2eca9,,,,R6F Switch Source Fund - Growth (Direct Plan),,,,,,,,mutual_fund,IN,INR,true,true,likely_test_fixture;no_amfi_code_anywhere;no_scheme_master_row;same_family_plan_option_on_multiple_instruments,0,1,0,0,2022-05-01,2024-01-15,,2022-04-21,,2022-04-21,first_transaction(no_nav_on_file),unmapped,,no_current_mapping,,
dev-instrument:43a55df4-167a-43fa-881c-de43bf350c5d,false,true,unknown_amc|r6f switch source fund,,43a55df4-167a-43fa-881c-de43bf350c5d,,,,R6F Switch Source Fund - Growth (Direct Plan),,,,,,,,mutual_fund,IN,INR,true,true,likely_test_fixture;no_amfi_code_anywhere;no_scheme_master_row;same_family_plan_option_on_multiple_instruments,0,1,0,0,2022-05-01,2024-01-15,,2022-04-21,,2022-04-21,first_transaction(no_nav_on_file),unmapped,,no_current_mapping,,
dev-instrument:44d88686-e51b-4a2d-9f3b-24391c238635,false,true,unknown_amc|r6f switch source fund,,44d88686-e51b-4a2d-9f3b-24391c238635,,,,R6F Switch Source Fund - Growth (Direct Plan),,,,,,,,mutual_fund,IN,INR,true,true,likely_test_fixture;no_amfi_code_anywhere;no_scheme_master_row;same_family_plan_option_on_multiple_instruments,0,1,0,0,2022-05-01,2024-01-15,,2022-04-21,,2022-04-21,first_transaction(no_nav_on_file),unmapped,,no_current_mapping,,
dev-instrument:60b4b52c-3bc4-4a21-98c6-20e13b01eb63,false,true,unknown_amc|r6f switch target fund,,60b4b52c-3bc4-4a21-98c6-20e13b01eb63,,,,R6F Switch Target Fund - Growth (Direct Plan),,,,,,,,mutual_fund,IN,INR,true,true,likely_test_fixture;no_amfi_code_anywhere;no_scheme_master_row;same_family_plan_option_on_multiple_instruments,0,1,0,0,2024-01-15,2024-01-15,,2024-01-05,,2024-01-05,first_transaction(no_nav_on_file),unmapped,,no_current_mapping,,
dev-instrument:6f31ed4d-d650-4dd5-b81c-872860cfa86b,false,true,unknown_amc|r6f switch target fund,,6f31ed4d-d650-4dd5-b81c-872860cfa86b,,,,R6F Switch Target Fund - Growth (Direct Plan),,,,,,,,mutual_fund,IN,INR,true,true,likely_test_fixture;no_amfi_code_anywhere;no_scheme_master_row;same_family_plan_option_on_multiple_instruments,0,1,0,0,2024-01-15,2024-01-15,,2024-01-05,,2024-01-05,first_transaction(no_nav_on_file),unmapped,,no_current_mapping,,
dev-instrument:e98085d9-c6f2-4b04-8333-aa674f438ee8,false,true,unknown_amc|r6f switch target fund,,e98085d9-c6f2-4b04-8333-aa674f438ee8,,,,R6F Switch Target Fund - Growth (Direct Plan),,,,,,,,mutual_fund,IN,INR,true,true,likely_test_fixture;no_amfi_code_anywhere;no_scheme_master_row;same_family_plan_option_on_multiple_instruments,0,1,0,0,2024-01-15,2024-01-15,,2024-01-05,,2024-01-05,first_transaction(no_nav_on_file),unmapped,,no_current_mapping,,
dev-instrument:9ad29065-5cb0-4466-bb2c-6d3b8f0438bd,false,true,unknown_amc|r6f threshold fund x,,9ad29065-5cb0-4466-bb2c-6d3b8f0438bd,,,,R6F Threshold Fund X - Growth (Direct Plan),,,,,,,,mutual_fund,IN,INR,true,true,likely_test_fixture;no_amfi_code_anywhere;no_scheme_master_row;same_family_plan_option_on_multiple_instruments,0,1,0,0,2022-01-01,2024-08-01,,2021-12-22,,2021-12-22,first_transaction(no_nav_on_file),unmapped,,no_current_mapping,,
dev-instrument:df8746ef-f1ad-4b8d-b12b-5e3231296b8e,false,true,unknown_amc|r6f threshold fund x,,df8746ef-f1ad-4b8d-b12b-5e3231296b8e,,,,R6F Threshold Fund X - Growth (Direct Plan),,,,,,,,mutual_fund,IN,INR,true,true,likely_test_fixture;no_amfi_code_anywhere;no_scheme_master_row;same_family_plan_option_on_multiple_instruments,0,1,0,0,2022-01-01,2024-08-01,,2021-12-22,,2021-12-22,first_transaction(no_nav_on_file),unmapped,,no_current_mapping,,
dev-instrument:eadbe8fe-8d28-44f6-9886-f5d0e24416ad,false,true,unknown_amc|r6f threshold fund x,,eadbe8fe-8d28-44f6-9886-f5d0e24416ad,,,,R6F Threshold Fund X - Growth (Direct Plan),,,,,,,,mutual_fund,IN,INR,true,true,likely_test_fixture;no_amfi_code_anywhere;no_scheme_master_row;same_family_plan_option_on_multiple_instruments,0,1,0,0,2022-01-01,2024-08-01,,2021-12-22,,2021-12-22,first_transaction(no_nav_on_file),unmapped,,no_current_mapping,,
dev-instrument:091b1fdb-bf23-48c6-af1b-aeb964980882,false,true,unknown_amc|r6f threshold fund y,,091b1fdb-bf23-48c6-af1b-aeb964980882,,,,R6F Threshold Fund Y - Growth (Direct Plan),,,,,,,,mutual_fund,IN,INR,true,true,likely_test_fixture;no_amfi_code_anywhere;no_scheme_master_row;same_family_plan_option_on_multiple_instruments,0,1,0,0,2022-01-01,2024-08-01,,2021-12-22,,2021-12-22,first_transaction(no_nav_on_file),unmapped,,no_current_mapping,,
dev-instrument:542cda20-31d2-413a-89a8-d97ee57ce00c,false,true,unknown_amc|r6f threshold fund y,,542cda20-31d2-413a-89a8-d97ee57ce00c,,,,R6F Threshold Fund Y - Growth (Direct Plan),,,,,,,,mutual_fund,IN,INR,true,true,likely_test_fixture;no_amfi_code_anywhere;no_scheme_master_row;same_family_plan_option_on_multiple_instruments,0,1,0,0,2022-01-01,2024-08-01,,2021-12-22,,2021-12-22,first_transaction(no_nav_on_file),unmapped,,no_current_mapping,,
dev-instrument:55418a57-0596-4314-bded-140bfdbbae52,false,true,unknown_amc|r6f threshold fund y,,55418a57-0596-4314-bded-140bfdbbae52,,,,R6F Threshold Fund Y - Growth (Direct Plan),,,,,,,,mutual_fund,IN,INR,true,true,likely_test_fixture;no_amfi_code_anywhere;no_scheme_master_row;same_family_plan_option_on_multiple_instruments,0,1,0,0,2022-01-01,2024-08-01,,2021-12-22,,2021-12-22,first_transaction(no_nav_on_file),unmapped,,no_current_mapping,,
dev-instrument:11111111-1111-4111-8111-111111111102,false,true,unknown_amc|sbi bluechip fund,,11111111-1111-4111-8111-111111111102,TESTFIX-AMFI-SBIBC-001,,,SBI Bluechip Fund - Growth (Direct Plan),,,,,,,,mutual_fund,IN,INR,true,true,instrument_provisional;likely_test_fixture;no_scheme_master_row,0,3,0,0,2022-02-01,2025-01-01,,2022-01-22,,2022-01-22,first_transaction(no_nav_on_file),unmapped,,no_current_mapping,,
amfi:100740,true,false,uti|uti mnc fund,948fb23a-e830-4fbc-9412-5b411a5bea2e,,100740,INF789F01844,UTI Mutual Fund,UTI - MNC Fund,regular,growth,Regular Plan,Growth,Equity Scheme,Sectoral/ Thematic,Open Ended Schemes(Equity Scheme - Sectoral/ Thematic),mutual_fund,IN,INR,false,false,instrument_provisional,3,0,3,0,2015-10-06,2026-09-04,2006-04-03,2015-09-26,2006-03-24,2006-03-24,earliest_nav_on_file,unmapped,,no_current_mapping,,
