scheme_family_key,scheme_name,amc_name,plan,option,amfi_scheme_code,isins,sub_category,prod_instrument_id,dev_instrument_id,in_prod,in_dev,earliest_transaction_date,earliest_nav_on_file,required_series_from_investor_rule,required_series_from_engine_rule,current_mapping_state,availability_state,declared_benchmark_in_scheme_document,declared_variant,evidence_status,proposed_catalogue_key,note
aditya birla sun life|aditya birla sun life large cap fund,Aditya Birla Sun Life Large Cap Fund,Aditya Birla Sun Life Mutual Fund,regular,growth,103174,INF209K01BR9,Large Cap Fund,f39ce044-6827-4dde-88dc-02a2499e8c67,,true,false,2015-08-21,2006-04-03,2015-08-11,2006-03-24,unmapped,no_current_mapping,NIFTY 100 TRI,total_return,verified_scheme_document,IN_NIFTY_100_TRI,
axis|axis large cap fund,Axis Large Cap Fund,Axis Mutual Fund,regular,growth,112277,INF846K01164,Large Cap Fund,45773ec3-63e8-41a9-8d91-17dd7afd2d2f,,true,false,2013-09-17,2010-01-07,2013-09-07,2009-12-28,unmapped,no_current_mapping,BSE 100 TRI,total_return,verified_scheme_document,IN_BSE_100_TRI,
franklin templeton|franklin india flexi cap fund,Franklin India Flexi Cap Fund,Franklin Templeton Mutual Fund,regular,growth,100520,INF090I01239,Flexi Cap Fund,78ff8c83-6dd4-41a2-8324-244576cf347b,,true,false,2022-12-12,2006-04-03,2022-12-02,2006-03-24,unmapped,no_current_mapping,Nifty 500 (shown under 'Benchmark (Total Return Index)'; Tier I),total_return,verified_scheme_document,IN_NIFTY_500_TRI,
franklin templeton|franklin india mid cap fund,Franklin India Mid Cap Fund,Franklin Templeton Mutual Fund,regular,growth,100473,INF090I01809,Mid Cap Fund,385feb70-cb10-4442-a0f8-df16ff63d933,,true,false,2015-08-21,2006-04-03,2015-08-11,2006-03-24,unmapped,no_current_mapping,Nifty Midcap 150 (shown under 'Benchmark (Total Return Index)'),total_return,verified_scheme_document,IN_NIFTY_MIDCAP_150_TRI,
hdfc|hdfc balanced advantage fund,HDFC Balanced Advantage Fund,HDFC Mutual Fund,regular,growth,100119,INF179K01830,Dynamic Asset Allocation or Balanced Advantage,45895499-e147-49db-a6b3-7c6a496db593,,true,false,2018-06-01,2006-04-03,2018-05-22,2006-03-24,unmapped,no_current_mapping,NIFTY 50 Hybrid Composite Debt 50:50 Index (TRI),total_return,verified_scheme_document,IN_NIFTY50_HYBRID_COMP_DEBT_5050_TRI,
hdfc|hdfc flexi cap fund,HDFC Flexi Cap Fund,HDFC Mutual Fund,direct,growth,118955,INF179K01UT0,Flexi Cap Fund,,37a3d60e-47db-4fb9-af8b-4a174dfa1f2f,false,true,2026-08-01,2026-08-05,2026-07-22,2026-07-26,unmapped,no_current_mapping,NIFTY 500 Index (TRI),total_return,verified_scheme_document,IN_NIFTY_500_TRI,
hdfc|hdfc flexi cap fund,HDFC Flexi Cap Fund,HDFC Mutual Fund,regular,growth,101762,INF179K01608,Flexi Cap Fund,2bc46829-183d-4acf-af90-852d7bfb6abd,,true,false,2022-12-12,2006-04-03,2022-12-02,2006-03-24,unmapped,no_current_mapping,NIFTY 500 Index (TRI),total_return,verified_scheme_document,IN_NIFTY_500_TRI,
hdfc|hdfc gold etf fund of fund,HDFC Gold ETF Fund of Fund,HDFC Mutual Fund,regular,growth,115934,INF179K01LC5,FoF Domestic,893f5175-9d80-4126-9c6f-37ebff7151a8,,true,false,2026-01-16,2011-11-02,2026-01-06,2011-10-23,unmapped,no_current_mapping,Domestic price of physical gold,price,verified_scheme_document,UNSUPPORTED,"Benchmark is the ""domestic price of physical gold"" - not an index and no scheme document names the price source. Needs a PO decision on a permitted gold-price series. Shown as source-blocked."
hdfc|hdfc large cap fund,HDFC Large Cap Fund,HDFC Mutual Fund,direct,growth,119018,INF179K01YV8,Large Cap Fund,a4523fbc-48ae-4652-9f46-2a8221b800b9,,true,false,2019-10-22,2013-01-01,2019-10-12,2012-12-22,unmapped,no_current_mapping,NIFTY 100 Total Returns Index (TRI),total_return,verified_scheme_document,IN_NIFTY_100_TRI,
hdfc|hdfc large cap fund,HDFC Large Cap Fund,HDFC Mutual Fund,regular,growth,102000,INF179K01BE2,Large Cap Fund,f2d6ad26-d683-4e35-8f92-1e43fbb7c5d8,,true,false,2022-08-16,2006-04-03,2022-08-06,2006-03-24,unmapped,no_current_mapping,NIFTY 100 Total Returns Index (TRI),total_return,verified_scheme_document,IN_NIFTY_100_TRI,
hdfc|hdfc mid cap fund,HDFC Mid Cap Fund,HDFC Mutual Fund,regular,growth,105758,INF179K01CR2,Mid Cap Fund,2e3a5ddd-a547-4a87-9369-57050b672a59,,true,false,2026-01-21,2007-07-05,2026-01-11,2007-06-25,unmapped,no_current_mapping,NIFTY MIDCAP 150 (TRI),total_return,verified_scheme_document,IN_NIFTY_MIDCAP_150_TRI,
hdfc|hdfc small cap fund,HDFC Small Cap Fund,HDFC Mutual Fund,regular,growth,130502,INF179KA1RZ8,Small Cap Fund,dde7cfa5-c470-4814-bba0-4da9624f13aa,,true,false,2026-01-12,2014-06-30,2026-01-02,2014-06-20,unmapped,no_current_mapping,BSE 250 SmallCap Index (TRI),total_return,verified_scheme_document,IN_BSE_250_SMALLCAP_TRI,
icici prudential|icici prudential yield fund,ICICI Prudential Dividend Yield Fund,ICICI Prudential Mutual Fund,regular,growth,129310,INF109KA1TX4,Dividend Yield Fund,2f883968-81ec-4c71-b9a8-145afed92ef1,,true,false,2022-12-07,2014-05-19,2022-11-27,2014-05-09,unmapped,no_current_mapping,Nifty 500 TRI,total_return,factsheet_only,IN_NIFTY_500_TRI,
kotak mahindra|kotak mid cap fund,Kotak Mid Cap Fund,Kotak Mahindra Mutual Fund,regular,growth,104908,INF174K01DS9,Mid Cap Fund,9a923d57-cba1-45ba-a336-c2984d5f9c0f,,true,false,2022-08-23,2007-04-02,2022-08-13,2007-03-23,unmapped,no_current_mapping,NIFTY Midcap 150 TRI (Tier 1),total_return,factsheet_only,IN_NIFTY_MIDCAP_150_TRI,
mirae asset|mirae asset large and midcap fund,Mirae Asset Large & Midcap Fund,Mirae Asset Mutual Fund,direct,growth,118834,INF179K01YW8;INF769K01BI1,Large & Mid Cap Fund,,2c86c8cf-c898-428f-a91f-6543b3f44c1c,false,true,2025-02-01,2013-01-02,2025-01-22,2012-12-23,unmapped,no_current_mapping,Nifty Large Midcap 250 Index (TRI),total_return,verified_scheme_document,IN_NIFTY_LARGEMIDCAP_250_TRI,
nippon india|nippon india power and infra fund,Nippon India Power & Infra Fund,Nippon India Mutual Fund,regular,growth,101262,INF204K01AE0,Sectoral Fund,85f2043f-451e-4739-8a6d-eddd498d98d1,,true,false,2007-12-17,2006-04-03,2007-12-07,2006-03-24,unmapped,no_current_mapping,Nifty Infrastructure TRI,total_return,verified_scheme_document,IN_NIFTY_INFRASTRUCTURE_TRI,
ppfas|parag parikh flexi cap fund,Parag Parikh Flexi Cap Fund,PPFAS Mutual Fund,direct,growth,122639,INF879O01027,Flexi Cap Fund,42c2515b-e4e4-4596-9967-016f67376895,,true,false,2023-04-03,2013-05-28,2023-03-24,2013-05-18,unmapped,no_current_mapping,Nifty 500 TRI (AMFI Tier I),total_return,verified_scheme_document,IN_NIFTY_500_TRI,
sbi|sbi contra fund,SBI CONTRA FUND,SBI Mutual Fund,regular,growth,102414,INF200K01362,Contra Fund,76c30cb9-1fa2-44cd-aa7b-5f04578c53d1,,true,false,2022-12-01,2006-04-03,2022-11-21,2006-03-24,unmapped,no_current_mapping,BSE 500 TRI Index (AMFI Tier I; 'S&P BSE 500 TRI Index' in the Apr-2023 SID),total_return,verified_scheme_document,IN_BSE_500_TRI,
sbi|sbi large cap fund,SBI Large Cap Fund,SBI Mutual Fund,regular,growth,103504,INF200K01180;INF200K01UP0,Large Cap Fund,c0d91bd7-18ad-4510-9a4a-283d94d0ef0a,ec86c858-e428-4e80-931e-3f0d44492bbb,true,true,2022-02-01,2006-04-03,2022-01-22,2006-03-24,unmapped,no_current_mapping,BSE 100 TRI (AMFI Tier I; 'S&P BSE 100 TRI' in older docs),total_return,verified_scheme_document,IN_BSE_100_TRI,
sbi|sbi multi asset allocation fund,SBI MULTI ASSET ALLOCATION FUND,SBI Mutual Fund,regular,growth,103408,INF200K01800,Multi Asset Allocation,2bce8e6f-1eb6-4cb7-9be1-c60b0ee7e0dd,,true,false,2026-02-05,2006-04-03,2026-01-26,2006-03-24,unmapped,no_current_mapping,45% BSE 500 TRI + 40% CRISIL Composite Bond Fund Index + 10% Domestic prices of Gold + 5% Domestic prices of silver,"mixed: total_return (equity leg); price (gold, silver); debt leg variant not stated",verified_scheme_document,UNSUPPORTED,"Composite benchmark (45% BSE 500 TRI + 40% CRISIL Composite Bond Fund Index + 10% domestic gold + 5% domestic silver). One ii_benchmarks series cannot represent it: it needs a blended-benchmark definition and four component series (one CRISIL, two commodity price series whose source no document names). Not built; shown as UNSUPPORTED, never approximated by its equity leg."
unknown_amc|icici prudential corporate bond fund,ICICI Prudential Corporate Bond Fund - Growth (Direct Plan),,,,,INF109KA1Z62,,,ab8e285d-7303-41c4-a850-eb97f993a880,false,true,2019-01-01,,2018-12-22,,unmapped,no_current_mapping,NIFTY Corporate Bond Index A-II,total_return,verified_scheme_document,IN_NIFTY_CORPORATE_BOND_A2_TRI,
uti|uti mnc fund,UTI - MNC Fund,UTI Mutual Fund,regular,growth,100740,INF789F01844,Sectoral/ Thematic,948fb23a-e830-4fbc-9412-5b411a5bea2e,,true,false,2015-10-06,2006-04-03,2015-09-26,2006-03-24,unmapped,no_current_mapping,Nifty MNC TRI,total_return,factsheet_only,IN_NIFTY_MNC_TRI,
