dataset_name,dataset_version,cohort_code,metric_code,statistic_type,value_numeric,unit,original_currency,is_derived,derivation_method,REFERENCE_ONLY_repo_seed_0023_value,approval_status,evidence_candidates,x_obs_id
FHIP dependant-band household benchmark model,1.0,AU_YOUNG_FAMILY_1DEP,essential_expense_ratio,mean,,percentage,AUD,true,,43.4,NEEDS PO APPROVAL - methodology not defined,ABS Household Expenditure Survey (expenditure by household composition); not downloaded or used,FHIP01-0001
FHIP dependant-band household benchmark model,1.0,AU_YOUNG_FAMILY_1DEP,housing_cost_ratio,mean,,percentage,AUD,true,,25,NEEDS PO APPROVAL - methodology not defined,ABS Household Expenditure Survey (expenditure by household composition); not downloaded or used,FHIP01-0002
FHIP dependant-band household benchmark model,1.0,AU_YOUNG_FAMILY_1DEP,discretionary_expense_ratio,mean,,percentage,AUD,true,,24.6,NEEDS PO APPROVAL - methodology not defined,ABS Household Expenditure Survey (expenditure by household composition); not downloaded or used,FHIP01-0003
FHIP dependant-band household benchmark model,1.0,AU_YOUNG_FAMILY_1DEP,fixed_commitment_ratio,mean,,percentage,AUD,true,,26.1,NEEDS PO APPROVAL - methodology not defined,ABS Household Expenditure Survey (expenditure by household composition); not downloaded or used,FHIP01-0004
FHIP dependant-band household benchmark model,1.0,AU_YOUNG_FAMILY_1DEP,total_expense_ratio,mean,,percentage,AUD,true,,68.1,NEEDS PO APPROVAL - methodology not defined,ABS Household Expenditure Survey (expenditure by household composition); not downloaded or used,FHIP01-0005
FHIP dependant-band household benchmark model,1.0,AU_YOUNG_FAMILY_1DEP,savings_rate,mean,,percentage,AUD,true,,31.9,NEEDS PO APPROVAL - methodology not defined,ABS Household Expenditure Survey (expenditure by household composition); not downloaded or used,FHIP01-0006
FHIP dependant-band household benchmark model,1.0,AU_YOUNG_FAMILY_1DEP,expense_growth_12m,mean,,percentage,AUD,true,,3,NEEDS PO APPROVAL - methodology not defined,ABS Household Expenditure Survey (expenditure by household composition); not downloaded or used,FHIP01-0007
FHIP dependant-band household benchmark model,1.0,AU_YOUNG_FAMILY_1DEP,monthly_surplus,mean,,currency,AUD,true,,2551,NEEDS PO APPROVAL - methodology not defined,ABS Household Expenditure Survey (expenditure by household composition); not downloaded or used,FHIP01-0008
FHIP dependant-band household benchmark model,1.0,AU_YOUNG_FAMILY_1DEP,surplus_margin,mean,,percentage,AUD,true,,31.9,NEEDS PO APPROVAL - methodology not defined,ABS Household Expenditure Survey (expenditure by household composition); not downloaded or used,FHIP01-0009
FHIP dependant-band household benchmark model,1.0,AU_YOUNG_FAMILY_1DEP,emergency_fund_months,mean,,months,AUD,true,,5,NEEDS PO APPROVAL - methodology not defined,ABS Household Expenditure Survey (expenditure by household composition); not downloaded or used,FHIP01-0010
FHIP dependant-band household benchmark model,1.0,AU_YOUNG_FAMILY_1DEP,income_interruption_coverage,mean,,months,AUD,true,,4.5,NEEDS PO APPROVAL - methodology not defined,ABS Household Expenditure Survey (expenditure by household composition); not downloaded or used,FHIP01-0011
FHIP dependant-band household benchmark model,1.0,AU_YOUNG_FAMILY,essential_expense_ratio,mean,,percentage,AUD,true,,45.2,NEEDS PO APPROVAL - methodology not defined,ABS Household Expenditure Survey (expenditure by household composition); not downloaded or used,FHIP01-0012
FHIP dependant-band household benchmark model,1.0,AU_YOUNG_FAMILY,housing_cost_ratio,mean,,percentage,AUD,true,,25,NEEDS PO APPROVAL - methodology not defined,ABS Household Expenditure Survey (expenditure by household composition); not downloaded or used,FHIP01-0013
FHIP dependant-band household benchmark model,1.0,AU_YOUNG_FAMILY,discretionary_expense_ratio,mean,,percentage,AUD,true,,23.9,NEEDS PO APPROVAL - methodology not defined,ABS Household Expenditure Survey (expenditure by household composition); not downloaded or used,FHIP01-0014
FHIP dependant-band household benchmark model,1.0,AU_YOUNG_FAMILY,fixed_commitment_ratio,mean,,percentage,AUD,true,,27.1,NEEDS PO APPROVAL - methodology not defined,ABS Household Expenditure Survey (expenditure by household composition); not downloaded or used,FHIP01-0015
FHIP dependant-band household benchmark model,1.0,AU_YOUNG_FAMILY,total_expense_ratio,mean,,percentage,AUD,true,,69.1,NEEDS PO APPROVAL - methodology not defined,ABS Household Expenditure Survey (expenditure by household composition); not downloaded or used,FHIP01-0016
FHIP dependant-band household benchmark model,1.0,AU_YOUNG_FAMILY,savings_rate,mean,,percentage,AUD,true,,30.9,NEEDS PO APPROVAL - methodology not defined,ABS Household Expenditure Survey (expenditure by household composition); not downloaded or used,FHIP01-0017
FHIP dependant-band household benchmark model,1.0,AU_YOUNG_FAMILY,expense_growth_12m,mean,,percentage,AUD,true,,3,NEEDS PO APPROVAL - methodology not defined,ABS Household Expenditure Survey (expenditure by household composition); not downloaded or used,FHIP01-0018
FHIP dependant-band household benchmark model,1.0,AU_YOUNG_FAMILY,monthly_surplus,mean,,currency,AUD,true,,2466,NEEDS PO APPROVAL - methodology not defined,ABS Household Expenditure Survey (expenditure by household composition); not downloaded or used,FHIP01-0019
FHIP dependant-band household benchmark model,1.0,AU_YOUNG_FAMILY,surplus_margin,mean,,percentage,AUD,true,,30.9,NEEDS PO APPROVAL - methodology not defined,ABS Household Expenditure Survey (expenditure by household composition); not downloaded or used,FHIP01-0020
FHIP dependant-band household benchmark model,1.0,AU_YOUNG_FAMILY,emergency_fund_months,mean,,months,AUD,true,,5.8,NEEDS PO APPROVAL - methodology not defined,ABS Household Expenditure Survey (expenditure by household composition); not downloaded or used,FHIP01-0021
FHIP dependant-band household benchmark model,1.0,AU_YOUNG_FAMILY,income_interruption_coverage,mean,,months,AUD,true,,5.2,NEEDS PO APPROVAL - methodology not defined,ABS Household Expenditure Survey (expenditure by household composition); not downloaded or used,FHIP01-0022
FHIP dependant-band household benchmark model,1.0,AU_YOUNG_FAMILY_3PLUSDEP,essential_expense_ratio,mean,,percentage,AUD,true,,46.3,NEEDS PO APPROVAL - methodology not defined,ABS Household Expenditure Survey (expenditure by household composition); not downloaded or used,FHIP01-0023
FHIP dependant-band household benchmark model,1.0,AU_YOUNG_FAMILY_3PLUSDEP,housing_cost_ratio,mean,,percentage,AUD,true,,25,NEEDS PO APPROVAL - methodology not defined,ABS Household Expenditure Survey (expenditure by household composition); not downloaded or used,FHIP01-0024
FHIP dependant-band household benchmark model,1.0,AU_YOUNG_FAMILY_3PLUSDEP,discretionary_expense_ratio,mean,,percentage,AUD,true,,23.5,NEEDS PO APPROVAL - methodology not defined,ABS Household Expenditure Survey (expenditure by household composition); not downloaded or used,FHIP01-0025
FHIP dependant-band household benchmark model,1.0,AU_YOUNG_FAMILY_3PLUSDEP,fixed_commitment_ratio,mean,,percentage,AUD,true,,27.8,NEEDS PO APPROVAL - methodology not defined,ABS Household Expenditure Survey (expenditure by household composition); not downloaded or used,FHIP01-0026
FHIP dependant-band household benchmark model,1.0,AU_YOUNG_FAMILY_3PLUSDEP,total_expense_ratio,mean,,percentage,AUD,true,,69.8,NEEDS PO APPROVAL - methodology not defined,ABS Household Expenditure Survey (expenditure by household composition); not downloaded or used,FHIP01-0027
FHIP dependant-band household benchmark model,1.0,AU_YOUNG_FAMILY_3PLUSDEP,savings_rate,mean,,percentage,AUD,true,,30.2,NEEDS PO APPROVAL - methodology not defined,ABS Household Expenditure Survey (expenditure by household composition); not downloaded or used,FHIP01-0028
FHIP dependant-band household benchmark model,1.0,AU_YOUNG_FAMILY_3PLUSDEP,expense_growth_12m,mean,,percentage,AUD,true,,3,NEEDS PO APPROVAL - methodology not defined,ABS Household Expenditure Survey (expenditure by household composition); not downloaded or used,FHIP01-0029
FHIP dependant-band household benchmark model,1.0,AU_YOUNG_FAMILY_3PLUSDEP,monthly_surplus,mean,,currency,AUD,true,,2413,NEEDS PO APPROVAL - methodology not defined,ABS Household Expenditure Survey (expenditure by household composition); not downloaded or used,FHIP01-0030
FHIP dependant-band household benchmark model,1.0,AU_YOUNG_FAMILY_3PLUSDEP,surplus_margin,mean,,percentage,AUD,true,,30.2,NEEDS PO APPROVAL - methodology not defined,ABS Household Expenditure Survey (expenditure by household composition); not downloaded or used,FHIP01-0031
FHIP dependant-band household benchmark model,1.0,AU_YOUNG_FAMILY_3PLUSDEP,emergency_fund_months,mean,,months,AUD,true,,6.5,NEEDS PO APPROVAL - methodology not defined,ABS Household Expenditure Survey (expenditure by household composition); not downloaded or used,FHIP01-0032
FHIP dependant-band household benchmark model,1.0,AU_YOUNG_FAMILY_3PLUSDEP,income_interruption_coverage,mean,,months,AUD,true,,5.9,NEEDS PO APPROVAL - methodology not defined,ABS Household Expenditure Survey (expenditure by household composition); not downloaded or used,FHIP01-0033
FHIP dependant-band household benchmark model,1.0,AU_ESTABLISHED_FAMILY_1DEP,essential_expense_ratio,mean,,percentage,AUD,true,,40.1,NEEDS PO APPROVAL - methodology not defined,ABS Household Expenditure Survey (expenditure by household composition); not downloaded or used,FHIP01-0034
FHIP dependant-band household benchmark model,1.0,AU_ESTABLISHED_FAMILY_1DEP,housing_cost_ratio,mean,,percentage,AUD,true,,25,NEEDS PO APPROVAL - methodology not defined,ABS Household Expenditure Survey (expenditure by household composition); not downloaded or used,FHIP01-0035
FHIP dependant-band household benchmark model,1.0,AU_ESTABLISHED_FAMILY_1DEP,discretionary_expense_ratio,mean,,percentage,AUD,true,,26,NEEDS PO APPROVAL - methodology not defined,ABS Household Expenditure Survey (expenditure by household composition); not downloaded or used,FHIP01-0036
FHIP dependant-band household benchmark model,1.0,AU_ESTABLISHED_FAMILY_1DEP,fixed_commitment_ratio,mean,,percentage,AUD,true,,24.1,NEEDS PO APPROVAL - methodology not defined,ABS Household Expenditure Survey (expenditure by household composition); not downloaded or used,FHIP01-0037
FHIP dependant-band household benchmark model,1.0,AU_ESTABLISHED_FAMILY_1DEP,total_expense_ratio,mean,,percentage,AUD,true,,66.1,NEEDS PO APPROVAL - methodology not defined,ABS Household Expenditure Survey (expenditure by household composition); not downloaded or used,FHIP01-0038
FHIP dependant-band household benchmark model,1.0,AU_ESTABLISHED_FAMILY_1DEP,savings_rate,mean,,percentage,AUD,true,,33.9,NEEDS PO APPROVAL - methodology not defined,ABS Household Expenditure Survey (expenditure by household composition); not downloaded or used,FHIP01-0039
FHIP dependant-band household benchmark model,1.0,AU_ESTABLISHED_FAMILY_1DEP,expense_growth_12m,mean,,percentage,AUD,true,,3,NEEDS PO APPROVAL - methodology not defined,ABS Household Expenditure Survey (expenditure by household composition); not downloaded or used,FHIP01-0040
FHIP dependant-band household benchmark model,1.0,AU_ESTABLISHED_FAMILY_1DEP,monthly_surplus,mean,,currency,AUD,true,,3595,NEEDS PO APPROVAL - methodology not defined,ABS Household Expenditure Survey (expenditure by household composition); not downloaded or used,FHIP01-0041
FHIP dependant-band household benchmark model,1.0,AU_ESTABLISHED_FAMILY_1DEP,surplus_margin,mean,,percentage,AUD,true,,33.9,NEEDS PO APPROVAL - methodology not defined,ABS Household Expenditure Survey (expenditure by household composition); not downloaded or used,FHIP01-0042
FHIP dependant-band household benchmark model,1.0,AU_ESTABLISHED_FAMILY_1DEP,emergency_fund_months,mean,,months,AUD,true,,5,NEEDS PO APPROVAL - methodology not defined,ABS Household Expenditure Survey (expenditure by household composition); not downloaded or used,FHIP01-0043
FHIP dependant-band household benchmark model,1.0,AU_ESTABLISHED_FAMILY_1DEP,income_interruption_coverage,mean,,months,AUD,true,,4.5,NEEDS PO APPROVAL - methodology not defined,ABS Household Expenditure Survey (expenditure by household composition); not downloaded or used,FHIP01-0044
FHIP dependant-band household benchmark model,1.0,AU_ESTABLISHED_FAMILY,essential_expense_ratio,mean,,percentage,AUD,true,,41.5,NEEDS PO APPROVAL - methodology not defined,ABS Household Expenditure Survey (expenditure by household composition); not downloaded or used,FHIP01-0045
FHIP dependant-band household benchmark model,1.0,AU_ESTABLISHED_FAMILY,housing_cost_ratio,mean,,percentage,AUD,true,,25,NEEDS PO APPROVAL - methodology not defined,ABS Household Expenditure Survey (expenditure by household composition); not downloaded or used,FHIP01-0046
FHIP dependant-band household benchmark model,1.0,AU_ESTABLISHED_FAMILY,discretionary_expense_ratio,mean,,percentage,AUD,true,,25.4,NEEDS PO APPROVAL - methodology not defined,ABS Household Expenditure Survey (expenditure by household composition); not downloaded or used,FHIP01-0047
FHIP dependant-band household benchmark model,1.0,AU_ESTABLISHED_FAMILY,fixed_commitment_ratio,mean,,percentage,AUD,true,,24.9,NEEDS PO APPROVAL - methodology not defined,ABS Household Expenditure Survey (expenditure by household composition); not downloaded or used,FHIP01-0048
FHIP dependant-band household benchmark model,1.0,AU_ESTABLISHED_FAMILY,total_expense_ratio,mean,,percentage,AUD,true,,66.9,NEEDS PO APPROVAL - methodology not defined,ABS Household Expenditure Survey (expenditure by household composition); not downloaded or used,FHIP01-0049
FHIP dependant-band household benchmark model,1.0,AU_ESTABLISHED_FAMILY,savings_rate,mean,,percentage,AUD,true,,33.1,NEEDS PO APPROVAL - methodology not defined,ABS Household Expenditure Survey (expenditure by household composition); not downloaded or used,FHIP01-0050
FHIP dependant-band household benchmark model,1.0,AU_ESTABLISHED_FAMILY,expense_growth_12m,mean,,percentage,AUD,true,,3,NEEDS PO APPROVAL - methodology not defined,ABS Household Expenditure Survey (expenditure by household composition); not downloaded or used,FHIP01-0051
FHIP dependant-band household benchmark model,1.0,AU_ESTABLISHED_FAMILY,monthly_surplus,mean,,currency,AUD,true,,3511,NEEDS PO APPROVAL - methodology not defined,ABS Household Expenditure Survey (expenditure by household composition); not downloaded or used,FHIP01-0052
FHIP dependant-band household benchmark model,1.0,AU_ESTABLISHED_FAMILY,surplus_margin,mean,,percentage,AUD,true,,33.1,NEEDS PO APPROVAL - methodology not defined,ABS Household Expenditure Survey (expenditure by household composition); not downloaded or used,FHIP01-0053
FHIP dependant-band household benchmark model,1.0,AU_ESTABLISHED_FAMILY,emergency_fund_months,mean,,months,AUD,true,,5.8,NEEDS PO APPROVAL - methodology not defined,ABS Household Expenditure Survey (expenditure by household composition); not downloaded or used,FHIP01-0054
FHIP dependant-band household benchmark model,1.0,AU_ESTABLISHED_FAMILY,income_interruption_coverage,mean,,months,AUD,true,,5.2,NEEDS PO APPROVAL - methodology not defined,ABS Household Expenditure Survey (expenditure by household composition); not downloaded or used,FHIP01-0055
FHIP dependant-band household benchmark model,1.0,AU_ESTABLISHED_FAMILY_3PLUSDEP,essential_expense_ratio,mean,,percentage,AUD,true,,42.3,NEEDS PO APPROVAL - methodology not defined,ABS Household Expenditure Survey (expenditure by household composition); not downloaded or used,FHIP01-0056
FHIP dependant-band household benchmark model,1.0,AU_ESTABLISHED_FAMILY_3PLUSDEP,housing_cost_ratio,mean,,percentage,AUD,true,,25,NEEDS PO APPROVAL - methodology not defined,ABS Household Expenditure Survey (expenditure by household composition); not downloaded or used,FHIP01-0057
FHIP dependant-band household benchmark model,1.0,AU_ESTABLISHED_FAMILY_3PLUSDEP,discretionary_expense_ratio,mean,,percentage,AUD,true,,25.1,NEEDS PO APPROVAL - methodology not defined,ABS Household Expenditure Survey (expenditure by household composition); not downloaded or used,FHIP01-0058
FHIP dependant-band household benchmark model,1.0,AU_ESTABLISHED_FAMILY_3PLUSDEP,fixed_commitment_ratio,mean,,percentage,AUD,true,,25.4,NEEDS PO APPROVAL - methodology not defined,ABS Household Expenditure Survey (expenditure by household composition); not downloaded or used,FHIP01-0059
FHIP dependant-band household benchmark model,1.0,AU_ESTABLISHED_FAMILY_3PLUSDEP,total_expense_ratio,mean,,percentage,AUD,true,,67.4,NEEDS PO APPROVAL - methodology not defined,ABS Household Expenditure Survey (expenditure by household composition); not downloaded or used,FHIP01-0060
FHIP dependant-band household benchmark model,1.0,AU_ESTABLISHED_FAMILY_3PLUSDEP,savings_rate,mean,,percentage,AUD,true,,32.6,NEEDS PO APPROVAL - methodology not defined,ABS Household Expenditure Survey (expenditure by household composition); not downloaded or used,FHIP01-0061
FHIP dependant-band household benchmark model,1.0,AU_ESTABLISHED_FAMILY_3PLUSDEP,expense_growth_12m,mean,,percentage,AUD,true,,3,NEEDS PO APPROVAL - methodology not defined,ABS Household Expenditure Survey (expenditure by household composition); not downloaded or used,FHIP01-0062
FHIP dependant-band household benchmark model,1.0,AU_ESTABLISHED_FAMILY_3PLUSDEP,monthly_surplus,mean,,currency,AUD,true,,3457,NEEDS PO APPROVAL - methodology not defined,ABS Household Expenditure Survey (expenditure by household composition); not downloaded or used,FHIP01-0063
FHIP dependant-band household benchmark model,1.0,AU_ESTABLISHED_FAMILY_3PLUSDEP,surplus_margin,mean,,percentage,AUD,true,,32.6,NEEDS PO APPROVAL - methodology not defined,ABS Household Expenditure Survey (expenditure by household composition); not downloaded or used,FHIP01-0064
FHIP dependant-band household benchmark model,1.0,AU_ESTABLISHED_FAMILY_3PLUSDEP,emergency_fund_months,mean,,months,AUD,true,,6.5,NEEDS PO APPROVAL - methodology not defined,ABS Household Expenditure Survey (expenditure by household composition); not downloaded or used,FHIP01-0065
FHIP dependant-band household benchmark model,1.0,AU_ESTABLISHED_FAMILY_3PLUSDEP,income_interruption_coverage,mean,,months,AUD,true,,5.9,NEEDS PO APPROVAL - methodology not defined,ABS Household Expenditure Survey (expenditure by household composition); not downloaded or used,FHIP01-0066
FHIP dependant-band household benchmark model,1.0,IN_URBAN_YOUNG_FAMILY_1DEP,essential_expense_ratio,mean,,percentage,INR,true,,39.7,NEEDS PO APPROVAL - methodology not defined,MoSPI HCES (per-capita MPCE; no by-dependant-count cross-tab published); not downloaded or used,FHIP01-0067
FHIP dependant-band household benchmark model,1.0,IN_URBAN_YOUNG_FAMILY_1DEP,housing_cost_ratio,mean,,percentage,INR,true,,25,NEEDS PO APPROVAL - methodology not defined,MoSPI HCES (per-capita MPCE; no by-dependant-count cross-tab published); not downloaded or used,FHIP01-0068
FHIP dependant-band household benchmark model,1.0,IN_URBAN_YOUNG_FAMILY_1DEP,discretionary_expense_ratio,mean,,percentage,INR,true,,26.1,NEEDS PO APPROVAL - methodology not defined,MoSPI HCES (per-capita MPCE; no by-dependant-count cross-tab published); not downloaded or used,FHIP01-0069
FHIP dependant-band household benchmark model,1.0,IN_URBAN_YOUNG_FAMILY_1DEP,fixed_commitment_ratio,mean,,percentage,INR,true,,23.8,NEEDS PO APPROVAL - methodology not defined,MoSPI HCES (per-capita MPCE; no by-dependant-count cross-tab published); not downloaded or used,FHIP01-0070
FHIP dependant-band household benchmark model,1.0,IN_URBAN_YOUNG_FAMILY_1DEP,total_expense_ratio,mean,,percentage,INR,true,,65.8,NEEDS PO APPROVAL - methodology not defined,MoSPI HCES (per-capita MPCE; no by-dependant-count cross-tab published); not downloaded or used,FHIP01-0071
FHIP dependant-band household benchmark model,1.0,IN_URBAN_YOUNG_FAMILY_1DEP,savings_rate,mean,,percentage,INR,true,,34.2,NEEDS PO APPROVAL - methodology not defined,MoSPI HCES (per-capita MPCE; no by-dependant-count cross-tab published); not downloaded or used,FHIP01-0072
FHIP dependant-band household benchmark model,1.0,IN_URBAN_YOUNG_FAMILY_1DEP,expense_growth_12m,mean,,percentage,INR,true,,3,NEEDS PO APPROVAL - methodology not defined,MoSPI HCES (per-capita MPCE; no by-dependant-count cross-tab published); not downloaded or used,FHIP01-0073
FHIP dependant-band household benchmark model,1.0,IN_URBAN_YOUNG_FAMILY_1DEP,monthly_surplus,mean,,currency,INR,true,,7353,NEEDS PO APPROVAL - methodology not defined,MoSPI HCES (per-capita MPCE; no by-dependant-count cross-tab published); not downloaded or used,FHIP01-0074
FHIP dependant-band household benchmark model,1.0,IN_URBAN_YOUNG_FAMILY_1DEP,surplus_margin,mean,,percentage,INR,true,,34.2,NEEDS PO APPROVAL - methodology not defined,MoSPI HCES (per-capita MPCE; no by-dependant-count cross-tab published); not downloaded or used,FHIP01-0075
FHIP dependant-band household benchmark model,1.0,IN_URBAN_YOUNG_FAMILY_1DEP,emergency_fund_months,mean,,months,INR,true,,5,NEEDS PO APPROVAL - methodology not defined,MoSPI HCES (per-capita MPCE; no by-dependant-count cross-tab published); not downloaded or used,FHIP01-0076
FHIP dependant-band household benchmark model,1.0,IN_URBAN_YOUNG_FAMILY_1DEP,income_interruption_coverage,mean,,months,INR,true,,4.5,NEEDS PO APPROVAL - methodology not defined,MoSPI HCES (per-capita MPCE; no by-dependant-count cross-tab published); not downloaded or used,FHIP01-0077
FHIP dependant-band household benchmark model,1.0,IN_URBAN_YOUNG_FAMILY,essential_expense_ratio,mean,,percentage,INR,true,,48.5,NEEDS PO APPROVAL - methodology not defined,MoSPI HCES (per-capita MPCE; no by-dependant-count cross-tab published); not downloaded or used,FHIP01-0078
FHIP dependant-band household benchmark model,1.0,IN_URBAN_YOUNG_FAMILY,housing_cost_ratio,mean,,percentage,INR,true,,25,NEEDS PO APPROVAL - methodology not defined,MoSPI HCES (per-capita MPCE; no by-dependant-count cross-tab published); not downloaded or used,FHIP01-0079
FHIP dependant-band household benchmark model,1.0,IN_URBAN_YOUNG_FAMILY,discretionary_expense_ratio,mean,,percentage,INR,true,,22.6,NEEDS PO APPROVAL - methodology not defined,MoSPI HCES (per-capita MPCE; no by-dependant-count cross-tab published); not downloaded or used,FHIP01-0080
FHIP dependant-band household benchmark model,1.0,IN_URBAN_YOUNG_FAMILY,fixed_commitment_ratio,mean,,percentage,INR,true,,29.1,NEEDS PO APPROVAL - methodology not defined,MoSPI HCES (per-capita MPCE; no by-dependant-count cross-tab published); not downloaded or used,FHIP01-0081
FHIP dependant-band household benchmark model,1.0,IN_URBAN_YOUNG_FAMILY,total_expense_ratio,mean,,percentage,INR,true,,71.1,NEEDS PO APPROVAL - methodology not defined,MoSPI HCES (per-capita MPCE; no by-dependant-count cross-tab published); not downloaded or used,FHIP01-0082
FHIP dependant-band household benchmark model,1.0,IN_URBAN_YOUNG_FAMILY,savings_rate,mean,,percentage,INR,true,,28.9,NEEDS PO APPROVAL - methodology not defined,MoSPI HCES (per-capita MPCE; no by-dependant-count cross-tab published); not downloaded or used,FHIP01-0083
FHIP dependant-band household benchmark model,1.0,IN_URBAN_YOUNG_FAMILY,expense_growth_12m,mean,,percentage,INR,true,,3,NEEDS PO APPROVAL - methodology not defined,MoSPI HCES (per-capita MPCE; no by-dependant-count cross-tab published); not downloaded or used,FHIP01-0084
FHIP dependant-band household benchmark model,1.0,IN_URBAN_YOUNG_FAMILY,monthly_surplus,mean,,currency,INR,true,,6219,NEEDS PO APPROVAL - methodology not defined,MoSPI HCES (per-capita MPCE; no by-dependant-count cross-tab published); not downloaded or used,FHIP01-0085
FHIP dependant-band household benchmark model,1.0,IN_URBAN_YOUNG_FAMILY,surplus_margin,mean,,percentage,INR,true,,28.9,NEEDS PO APPROVAL - methodology not defined,MoSPI HCES (per-capita MPCE; no by-dependant-count cross-tab published); not downloaded or used,FHIP01-0086
FHIP dependant-band household benchmark model,1.0,IN_URBAN_YOUNG_FAMILY,emergency_fund_months,mean,,months,INR,true,,5.8,NEEDS PO APPROVAL - methodology not defined,MoSPI HCES (per-capita MPCE; no by-dependant-count cross-tab published); not downloaded or used,FHIP01-0087
FHIP dependant-band household benchmark model,1.0,IN_URBAN_YOUNG_FAMILY,income_interruption_coverage,mean,,months,INR,true,,5.2,NEEDS PO APPROVAL - methodology not defined,MoSPI HCES (per-capita MPCE; no by-dependant-count cross-tab published); not downloaded or used,FHIP01-0088
FHIP dependant-band household benchmark model,1.0,IN_URBAN_YOUNG_FAMILY_3PLUSDEP,essential_expense_ratio,mean,,percentage,INR,true,,56.3,NEEDS PO APPROVAL - methodology not defined,MoSPI HCES (per-capita MPCE; no by-dependant-count cross-tab published); not downloaded or used,FHIP01-0089
FHIP dependant-band household benchmark model,1.0,IN_URBAN_YOUNG_FAMILY_3PLUSDEP,housing_cost_ratio,mean,,percentage,INR,true,,25,NEEDS PO APPROVAL - methodology not defined,MoSPI HCES (per-capita MPCE; no by-dependant-count cross-tab published); not downloaded or used,FHIP01-0090
FHIP dependant-band household benchmark model,1.0,IN_URBAN_YOUNG_FAMILY_3PLUSDEP,discretionary_expense_ratio,mean,,percentage,INR,true,,19.5,NEEDS PO APPROVAL - methodology not defined,MoSPI HCES (per-capita MPCE; no by-dependant-count cross-tab published); not downloaded or used,FHIP01-0091
FHIP dependant-band household benchmark model,1.0,IN_URBAN_YOUNG_FAMILY_3PLUSDEP,fixed_commitment_ratio,mean,,percentage,INR,true,,33.8,NEEDS PO APPROVAL - methodology not defined,MoSPI HCES (per-capita MPCE; no by-dependant-count cross-tab published); not downloaded or used,FHIP01-0092
FHIP dependant-band household benchmark model,1.0,IN_URBAN_YOUNG_FAMILY_3PLUSDEP,total_expense_ratio,mean,,percentage,INR,true,,75.8,NEEDS PO APPROVAL - methodology not defined,MoSPI HCES (per-capita MPCE; no by-dependant-count cross-tab published); not downloaded or used,FHIP01-0093
FHIP dependant-band household benchmark model,1.0,IN_URBAN_YOUNG_FAMILY_3PLUSDEP,savings_rate,mean,,percentage,INR,true,,24.2,NEEDS PO APPROVAL - methodology not defined,MoSPI HCES (per-capita MPCE; no by-dependant-count cross-tab published); not downloaded or used,FHIP01-0094
FHIP dependant-band household benchmark model,1.0,IN_URBAN_YOUNG_FAMILY_3PLUSDEP,expense_growth_12m,mean,,percentage,INR,true,,3,NEEDS PO APPROVAL - methodology not defined,MoSPI HCES (per-capita MPCE; no by-dependant-count cross-tab published); not downloaded or used,FHIP01-0095
FHIP dependant-band household benchmark model,1.0,IN_URBAN_YOUNG_FAMILY_3PLUSDEP,monthly_surplus,mean,,currency,INR,true,,5212,NEEDS PO APPROVAL - methodology not defined,MoSPI HCES (per-capita MPCE; no by-dependant-count cross-tab published); not downloaded or used,FHIP01-0096
FHIP dependant-band household benchmark model,1.0,IN_URBAN_YOUNG_FAMILY_3PLUSDEP,surplus_margin,mean,,percentage,INR,true,,24.2,NEEDS PO APPROVAL - methodology not defined,MoSPI HCES (per-capita MPCE; no by-dependant-count cross-tab published); not downloaded or used,FHIP01-0097
FHIP dependant-band household benchmark model,1.0,IN_URBAN_YOUNG_FAMILY_3PLUSDEP,emergency_fund_months,mean,,months,INR,true,,6.5,NEEDS PO APPROVAL - methodology not defined,MoSPI HCES (per-capita MPCE; no by-dependant-count cross-tab published); not downloaded or used,FHIP01-0098
FHIP dependant-band household benchmark model,1.0,IN_URBAN_YOUNG_FAMILY_3PLUSDEP,income_interruption_coverage,mean,,months,INR,true,,5.9,NEEDS PO APPROVAL - methodology not defined,MoSPI HCES (per-capita MPCE; no by-dependant-count cross-tab published); not downloaded or used,FHIP01-0099
FHIP dependant-band household benchmark model,1.0,IN_URBAN_ESTABLISHED_FAMILY_1DEP,essential_expense_ratio,mean,,percentage,INR,true,,37.3,NEEDS PO APPROVAL - methodology not defined,MoSPI HCES (per-capita MPCE; no by-dependant-count cross-tab published); not downloaded or used,FHIP01-0100
FHIP dependant-band household benchmark model,1.0,IN_URBAN_ESTABLISHED_FAMILY_1DEP,housing_cost_ratio,mean,,percentage,INR,true,,25,NEEDS PO APPROVAL - methodology not defined,MoSPI HCES (per-capita MPCE; no by-dependant-count cross-tab published); not downloaded or used,FHIP01-0101
FHIP dependant-band household benchmark model,1.0,IN_URBAN_ESTABLISHED_FAMILY_1DEP,discretionary_expense_ratio,mean,,percentage,INR,true,,27.1,NEEDS PO APPROVAL - methodology not defined,MoSPI HCES (per-capita MPCE; no by-dependant-count cross-tab published); not downloaded or used,FHIP01-0102
FHIP dependant-band household benchmark model,1.0,IN_URBAN_ESTABLISHED_FAMILY_1DEP,fixed_commitment_ratio,mean,,percentage,INR,true,,22.4,NEEDS PO APPROVAL - methodology not defined,MoSPI HCES (per-capita MPCE; no by-dependant-count cross-tab published); not downloaded or used,FHIP01-0103
FHIP dependant-band household benchmark model,1.0,IN_URBAN_ESTABLISHED_FAMILY_1DEP,total_expense_ratio,mean,,percentage,INR,true,,64.4,NEEDS PO APPROVAL - methodology not defined,MoSPI HCES (per-capita MPCE; no by-dependant-count cross-tab published); not downloaded or used,FHIP01-0104
FHIP dependant-band household benchmark model,1.0,IN_URBAN_ESTABLISHED_FAMILY_1DEP,savings_rate,mean,,percentage,INR,true,,35.6,NEEDS PO APPROVAL - methodology not defined,MoSPI HCES (per-capita MPCE; no by-dependant-count cross-tab published); not downloaded or used,FHIP01-0105
FHIP dependant-band household benchmark model,1.0,IN_URBAN_ESTABLISHED_FAMILY_1DEP,expense_growth_12m,mean,,percentage,INR,true,,3,NEEDS PO APPROVAL - methodology not defined,MoSPI HCES (per-capita MPCE; no by-dependant-count cross-tab published); not downloaded or used,FHIP01-0106
FHIP dependant-band household benchmark model,1.0,IN_URBAN_ESTABLISHED_FAMILY_1DEP,monthly_surplus,mean,,currency,INR,true,,10167,NEEDS PO APPROVAL - methodology not defined,MoSPI HCES (per-capita MPCE; no by-dependant-count cross-tab published); not downloaded or used,FHIP01-0107
FHIP dependant-band household benchmark model,1.0,IN_URBAN_ESTABLISHED_FAMILY_1DEP,surplus_margin,mean,,percentage,INR,true,,35.6,NEEDS PO APPROVAL - methodology not defined,MoSPI HCES (per-capita MPCE; no by-dependant-count cross-tab published); not downloaded or used,FHIP01-0108
FHIP dependant-band household benchmark model,1.0,IN_URBAN_ESTABLISHED_FAMILY_1DEP,emergency_fund_months,mean,,months,INR,true,,5,NEEDS PO APPROVAL - methodology not defined,MoSPI HCES (per-capita MPCE; no by-dependant-count cross-tab published); not downloaded or used,FHIP01-0109
FHIP dependant-band household benchmark model,1.0,IN_URBAN_ESTABLISHED_FAMILY_1DEP,income_interruption_coverage,mean,,months,INR,true,,4.5,NEEDS PO APPROVAL - methodology not defined,MoSPI HCES (per-capita MPCE; no by-dependant-count cross-tab published); not downloaded or used,FHIP01-0110
FHIP dependant-band household benchmark model,1.0,IN_URBAN_ESTABLISHED_FAMILY,essential_expense_ratio,mean,,percentage,INR,true,,44,NEEDS PO APPROVAL - methodology not defined,MoSPI HCES (per-capita MPCE; no by-dependant-count cross-tab published); not downloaded or used,FHIP01-0111
FHIP dependant-band household benchmark model,1.0,IN_URBAN_ESTABLISHED_FAMILY,housing_cost_ratio,mean,,percentage,INR,true,,25,NEEDS PO APPROVAL - methodology not defined,MoSPI HCES (per-capita MPCE; no by-dependant-count cross-tab published); not downloaded or used,FHIP01-0112
FHIP dependant-band household benchmark model,1.0,IN_URBAN_ESTABLISHED_FAMILY,discretionary_expense_ratio,mean,,percentage,INR,true,,24.4,NEEDS PO APPROVAL - methodology not defined,MoSPI HCES (per-capita MPCE; no by-dependant-count cross-tab published); not downloaded or used,FHIP01-0113
FHIP dependant-band household benchmark model,1.0,IN_URBAN_ESTABLISHED_FAMILY,fixed_commitment_ratio,mean,,percentage,INR,true,,26.4,NEEDS PO APPROVAL - methodology not defined,MoSPI HCES (per-capita MPCE; no by-dependant-count cross-tab published); not downloaded or used,FHIP01-0114
FHIP dependant-band household benchmark model,1.0,IN_URBAN_ESTABLISHED_FAMILY,total_expense_ratio,mean,,percentage,INR,true,,68.4,NEEDS PO APPROVAL - methodology not defined,MoSPI HCES (per-capita MPCE; no by-dependant-count cross-tab published); not downloaded or used,FHIP01-0115
FHIP dependant-band household benchmark model,1.0,IN_URBAN_ESTABLISHED_FAMILY,savings_rate,mean,,percentage,INR,true,,31.6,NEEDS PO APPROVAL - methodology not defined,MoSPI HCES (per-capita MPCE; no by-dependant-count cross-tab published); not downloaded or used,FHIP01-0116
FHIP dependant-band household benchmark model,1.0,IN_URBAN_ESTABLISHED_FAMILY,expense_growth_12m,mean,,percentage,INR,true,,3,NEEDS PO APPROVAL - methodology not defined,MoSPI HCES (per-capita MPCE; no by-dependant-count cross-tab published); not downloaded or used,FHIP01-0117
FHIP dependant-band household benchmark model,1.0,IN_URBAN_ESTABLISHED_FAMILY,monthly_surplus,mean,,currency,INR,true,,9034,NEEDS PO APPROVAL - methodology not defined,MoSPI HCES (per-capita MPCE; no by-dependant-count cross-tab published); not downloaded or used,FHIP01-0118
FHIP dependant-band household benchmark model,1.0,IN_URBAN_ESTABLISHED_FAMILY,surplus_margin,mean,,percentage,INR,true,,31.6,NEEDS PO APPROVAL - methodology not defined,MoSPI HCES (per-capita MPCE; no by-dependant-count cross-tab published); not downloaded or used,FHIP01-0119
FHIP dependant-band household benchmark model,1.0,IN_URBAN_ESTABLISHED_FAMILY,emergency_fund_months,mean,,months,INR,true,,5.8,NEEDS PO APPROVAL - methodology not defined,MoSPI HCES (per-capita MPCE; no by-dependant-count cross-tab published); not downloaded or used,FHIP01-0120
FHIP dependant-band household benchmark model,1.0,IN_URBAN_ESTABLISHED_FAMILY,income_interruption_coverage,mean,,months,INR,true,,5.2,NEEDS PO APPROVAL - methodology not defined,MoSPI HCES (per-capita MPCE; no by-dependant-count cross-tab published); not downloaded or used,FHIP01-0121
FHIP dependant-band household benchmark model,1.0,IN_URBAN_ESTABLISHED_FAMILY_3PLUSDEP,essential_expense_ratio,mean,,percentage,INR,true,,49.8,NEEDS PO APPROVAL - methodology not defined,MoSPI HCES (per-capita MPCE; no by-dependant-count cross-tab published); not downloaded or used,FHIP01-0122
FHIP dependant-band household benchmark model,1.0,IN_URBAN_ESTABLISHED_FAMILY_3PLUSDEP,housing_cost_ratio,mean,,percentage,INR,true,,25,NEEDS PO APPROVAL - methodology not defined,MoSPI HCES (per-capita MPCE; no by-dependant-count cross-tab published); not downloaded or used,FHIP01-0123
FHIP dependant-band household benchmark model,1.0,IN_URBAN_ESTABLISHED_FAMILY_3PLUSDEP,discretionary_expense_ratio,mean,,percentage,INR,true,,22.1,NEEDS PO APPROVAL - methodology not defined,MoSPI HCES (per-capita MPCE; no by-dependant-count cross-tab published); not downloaded or used,FHIP01-0124
FHIP dependant-band household benchmark model,1.0,IN_URBAN_ESTABLISHED_FAMILY_3PLUSDEP,fixed_commitment_ratio,mean,,percentage,INR,true,,29.9,NEEDS PO APPROVAL - methodology not defined,MoSPI HCES (per-capita MPCE; no by-dependant-count cross-tab published); not downloaded or used,FHIP01-0125
FHIP dependant-band household benchmark model,1.0,IN_URBAN_ESTABLISHED_FAMILY_3PLUSDEP,total_expense_ratio,mean,,percentage,INR,true,,71.9,NEEDS PO APPROVAL - methodology not defined,MoSPI HCES (per-capita MPCE; no by-dependant-count cross-tab published); not downloaded or used,FHIP01-0126
FHIP dependant-band household benchmark model,1.0,IN_URBAN_ESTABLISHED_FAMILY_3PLUSDEP,savings_rate,mean,,percentage,INR,true,,28.1,NEEDS PO APPROVAL - methodology not defined,MoSPI HCES (per-capita MPCE; no by-dependant-count cross-tab published); not downloaded or used,FHIP01-0127
FHIP dependant-band household benchmark model,1.0,IN_URBAN_ESTABLISHED_FAMILY_3PLUSDEP,expense_growth_12m,mean,,percentage,INR,true,,3,NEEDS PO APPROVAL - methodology not defined,MoSPI HCES (per-capita MPCE; no by-dependant-count cross-tab published); not downloaded or used,FHIP01-0128
FHIP dependant-band household benchmark model,1.0,IN_URBAN_ESTABLISHED_FAMILY_3PLUSDEP,monthly_surplus,mean,,currency,INR,true,,8027,NEEDS PO APPROVAL - methodology not defined,MoSPI HCES (per-capita MPCE; no by-dependant-count cross-tab published); not downloaded or used,FHIP01-0129
FHIP dependant-band household benchmark model,1.0,IN_URBAN_ESTABLISHED_FAMILY_3PLUSDEP,surplus_margin,mean,,percentage,INR,true,,28.1,NEEDS PO APPROVAL - methodology not defined,MoSPI HCES (per-capita MPCE; no by-dependant-count cross-tab published); not downloaded or used,FHIP01-0130
FHIP dependant-band household benchmark model,1.0,IN_URBAN_ESTABLISHED_FAMILY_3PLUSDEP,emergency_fund_months,mean,,months,INR,true,,6.5,NEEDS PO APPROVAL - methodology not defined,MoSPI HCES (per-capita MPCE; no by-dependant-count cross-tab published); not downloaded or used,FHIP01-0131
FHIP dependant-band household benchmark model,1.0,IN_URBAN_ESTABLISHED_FAMILY_3PLUSDEP,income_interruption_coverage,mean,,months,INR,true,,5.9,NEEDS PO APPROVAL - methodology not defined,MoSPI HCES (per-capita MPCE; no by-dependant-count cross-tab published); not downloaded or used,FHIP01-0132
FHIP dependant-band household benchmark model,1.0,IN_RURAL_YOUNG_FAMILY_1DEP,essential_expense_ratio,mean,,percentage,INR,true,,42.2,NEEDS PO APPROVAL - methodology not defined,MoSPI HCES (per-capita MPCE; no by-dependant-count cross-tab published); not downloaded or used,FHIP01-0133
FHIP dependant-band household benchmark model,1.0,IN_RURAL_YOUNG_FAMILY_1DEP,housing_cost_ratio,mean,,percentage,INR,true,,25,NEEDS PO APPROVAL - methodology not defined,MoSPI HCES (per-capita MPCE; no by-dependant-count cross-tab published); not downloaded or used,FHIP01-0134
FHIP dependant-band household benchmark model,1.0,IN_RURAL_YOUNG_FAMILY_1DEP,discretionary_expense_ratio,mean,,percentage,INR,true,,25.1,NEEDS PO APPROVAL - methodology not defined,MoSPI HCES (per-capita MPCE; no by-dependant-count cross-tab published); not downloaded or used,FHIP01-0135
FHIP dependant-band household benchmark model,1.0,IN_RURAL_YOUNG_FAMILY_1DEP,fixed_commitment_ratio,mean,,percentage,INR,true,,25.3,NEEDS PO APPROVAL - methodology not defined,MoSPI HCES (per-capita MPCE; no by-dependant-count cross-tab published); not downloaded or used,FHIP01-0136
FHIP dependant-band household benchmark model,1.0,IN_RURAL_YOUNG_FAMILY_1DEP,total_expense_ratio,mean,,percentage,INR,true,,67.3,NEEDS PO APPROVAL - methodology not defined,MoSPI HCES (per-capita MPCE; no by-dependant-count cross-tab published); not downloaded or used,FHIP01-0137
FHIP dependant-band household benchmark model,1.0,IN_RURAL_YOUNG_FAMILY_1DEP,savings_rate,mean,,percentage,INR,true,,32.7,NEEDS PO APPROVAL - methodology not defined,MoSPI HCES (per-capita MPCE; no by-dependant-count cross-tab published); not downloaded or used,FHIP01-0138
FHIP dependant-band household benchmark model,1.0,IN_RURAL_YOUNG_FAMILY_1DEP,expense_growth_12m,mean,,percentage,INR,true,,3,NEEDS PO APPROVAL - methodology not defined,MoSPI HCES (per-capita MPCE; no by-dependant-count cross-tab published); not downloaded or used,FHIP01-0139
FHIP dependant-band household benchmark model,1.0,IN_RURAL_YOUNG_FAMILY_1DEP,monthly_surplus,mean,,currency,INR,true,,3321,NEEDS PO APPROVAL - methodology not defined,MoSPI HCES (per-capita MPCE; no by-dependant-count cross-tab published); not downloaded or used,FHIP01-0140
FHIP dependant-band household benchmark model,1.0,IN_RURAL_YOUNG_FAMILY_1DEP,surplus_margin,mean,,percentage,INR,true,,32.7,NEEDS PO APPROVAL - methodology not defined,MoSPI HCES (per-capita MPCE; no by-dependant-count cross-tab published); not downloaded or used,FHIP01-0141
FHIP dependant-band household benchmark model,1.0,IN_RURAL_YOUNG_FAMILY_1DEP,emergency_fund_months,mean,,months,INR,true,,5,NEEDS PO APPROVAL - methodology not defined,MoSPI HCES (per-capita MPCE; no by-dependant-count cross-tab published); not downloaded or used,FHIP01-0142
FHIP dependant-band household benchmark model,1.0,IN_RURAL_YOUNG_FAMILY_1DEP,income_interruption_coverage,mean,,months,INR,true,,4.5,NEEDS PO APPROVAL - methodology not defined,MoSPI HCES (per-capita MPCE; no by-dependant-count cross-tab published); not downloaded or used,FHIP01-0143
FHIP dependant-band household benchmark model,1.0,IN_RURAL_YOUNG_FAMILY,essential_expense_ratio,mean,,percentage,INR,true,,53.1,NEEDS PO APPROVAL - methodology not defined,MoSPI HCES (per-capita MPCE; no by-dependant-count cross-tab published); not downloaded or used,FHIP01-0144
FHIP dependant-band household benchmark model,1.0,IN_RURAL_YOUNG_FAMILY,housing_cost_ratio,mean,,percentage,INR,true,,25,NEEDS PO APPROVAL - methodology not defined,MoSPI HCES (per-capita MPCE; no by-dependant-count cross-tab published); not downloaded or used,FHIP01-0145
FHIP dependant-band household benchmark model,1.0,IN_RURAL_YOUNG_FAMILY,discretionary_expense_ratio,mean,,percentage,INR,true,,20.7,NEEDS PO APPROVAL - methodology not defined,MoSPI HCES (per-capita MPCE; no by-dependant-count cross-tab published); not downloaded or used,FHIP01-0146
FHIP dependant-band household benchmark model,1.0,IN_RURAL_YOUNG_FAMILY,fixed_commitment_ratio,mean,,percentage,INR,true,,31.9,NEEDS PO APPROVAL - methodology not defined,MoSPI HCES (per-capita MPCE; no by-dependant-count cross-tab published); not downloaded or used,FHIP01-0147
FHIP dependant-band household benchmark model,1.0,IN_RURAL_YOUNG_FAMILY,total_expense_ratio,mean,,percentage,INR,true,,73.9,NEEDS PO APPROVAL - methodology not defined,MoSPI HCES (per-capita MPCE; no by-dependant-count cross-tab published); not downloaded or used,FHIP01-0148
FHIP dependant-band household benchmark model,1.0,IN_RURAL_YOUNG_FAMILY,savings_rate,mean,,percentage,INR,true,,26.1,NEEDS PO APPROVAL - methodology not defined,MoSPI HCES (per-capita MPCE; no by-dependant-count cross-tab published); not downloaded or used,FHIP01-0149
FHIP dependant-band household benchmark model,1.0,IN_RURAL_YOUNG_FAMILY,expense_growth_12m,mean,,percentage,INR,true,,3,NEEDS PO APPROVAL - methodology not defined,MoSPI HCES (per-capita MPCE; no by-dependant-count cross-tab published); not downloaded or used,FHIP01-0150
FHIP dependant-band household benchmark model,1.0,IN_RURAL_YOUNG_FAMILY,monthly_surplus,mean,,currency,INR,true,,2654,NEEDS PO APPROVAL - methodology not defined,MoSPI HCES (per-capita MPCE; no by-dependant-count cross-tab published); not downloaded or used,FHIP01-0151
FHIP dependant-band household benchmark model,1.0,IN_RURAL_YOUNG_FAMILY,surplus_margin,mean,,percentage,INR,true,,26.1,NEEDS PO APPROVAL - methodology not defined,MoSPI HCES (per-capita MPCE; no by-dependant-count cross-tab published); not downloaded or used,FHIP01-0152
FHIP dependant-band household benchmark model,1.0,IN_RURAL_YOUNG_FAMILY,emergency_fund_months,mean,,months,INR,true,,5.8,NEEDS PO APPROVAL - methodology not defined,MoSPI HCES (per-capita MPCE; no by-dependant-count cross-tab published); not downloaded or used,FHIP01-0153
FHIP dependant-band household benchmark model,1.0,IN_RURAL_YOUNG_FAMILY,income_interruption_coverage,mean,,months,INR,true,,5.2,NEEDS PO APPROVAL - methodology not defined,MoSPI HCES (per-capita MPCE; no by-dependant-count cross-tab published); not downloaded or used,FHIP01-0154
FHIP dependant-band household benchmark model,1.0,IN_RURAL_YOUNG_FAMILY_3PLUSDEP,essential_expense_ratio,mean,,percentage,INR,true,,62.9,NEEDS PO APPROVAL - methodology not defined,MoSPI HCES (per-capita MPCE; no by-dependant-count cross-tab published); not downloaded or used,FHIP01-0155
FHIP dependant-band household benchmark model,1.0,IN_RURAL_YOUNG_FAMILY_3PLUSDEP,housing_cost_ratio,mean,,percentage,INR,true,,25,NEEDS PO APPROVAL - methodology not defined,MoSPI HCES (per-capita MPCE; no by-dependant-count cross-tab published); not downloaded or used,FHIP01-0156
FHIP dependant-band household benchmark model,1.0,IN_RURAL_YOUNG_FAMILY_3PLUSDEP,discretionary_expense_ratio,mean,,percentage,INR,true,,16.9,NEEDS PO APPROVAL - methodology not defined,MoSPI HCES (per-capita MPCE; no by-dependant-count cross-tab published); not downloaded or used,FHIP01-0157
FHIP dependant-band household benchmark model,1.0,IN_RURAL_YOUNG_FAMILY_3PLUSDEP,fixed_commitment_ratio,mean,,percentage,INR,true,,37.7,NEEDS PO APPROVAL - methodology not defined,MoSPI HCES (per-capita MPCE; no by-dependant-count cross-tab published); not downloaded or used,FHIP01-0158
FHIP dependant-band household benchmark model,1.0,IN_RURAL_YOUNG_FAMILY_3PLUSDEP,total_expense_ratio,mean,,percentage,INR,true,,79.7,NEEDS PO APPROVAL - methodology not defined,MoSPI HCES (per-capita MPCE; no by-dependant-count cross-tab published); not downloaded or used,FHIP01-0159
FHIP dependant-band household benchmark model,1.0,IN_RURAL_YOUNG_FAMILY_3PLUSDEP,savings_rate,mean,,percentage,INR,true,,20.3,NEEDS PO APPROVAL - methodology not defined,MoSPI HCES (per-capita MPCE; no by-dependant-count cross-tab published); not downloaded or used,FHIP01-0160
FHIP dependant-band household benchmark model,1.0,IN_RURAL_YOUNG_FAMILY_3PLUSDEP,expense_growth_12m,mean,,percentage,INR,true,,3,NEEDS PO APPROVAL - methodology not defined,MoSPI HCES (per-capita MPCE; no by-dependant-count cross-tab published); not downloaded or used,FHIP01-0161
FHIP dependant-band household benchmark model,1.0,IN_RURAL_YOUNG_FAMILY_3PLUSDEP,monthly_surplus,mean,,currency,INR,true,,2060,NEEDS PO APPROVAL - methodology not defined,MoSPI HCES (per-capita MPCE; no by-dependant-count cross-tab published); not downloaded or used,FHIP01-0162
FHIP dependant-band household benchmark model,1.0,IN_RURAL_YOUNG_FAMILY_3PLUSDEP,surplus_margin,mean,,percentage,INR,true,,20.3,NEEDS PO APPROVAL - methodology not defined,MoSPI HCES (per-capita MPCE; no by-dependant-count cross-tab published); not downloaded or used,FHIP01-0163
FHIP dependant-band household benchmark model,1.0,IN_RURAL_YOUNG_FAMILY_3PLUSDEP,emergency_fund_months,mean,,months,INR,true,,6.5,NEEDS PO APPROVAL - methodology not defined,MoSPI HCES (per-capita MPCE; no by-dependant-count cross-tab published); not downloaded or used,FHIP01-0164
FHIP dependant-band household benchmark model,1.0,IN_RURAL_YOUNG_FAMILY_3PLUSDEP,income_interruption_coverage,mean,,months,INR,true,,5.9,NEEDS PO APPROVAL - methodology not defined,MoSPI HCES (per-capita MPCE; no by-dependant-count cross-tab published); not downloaded or used,FHIP01-0165
FHIP dependant-band household benchmark model,1.0,IN_RURAL_ESTABLISHED_FAMILY_1DEP,essential_expense_ratio,mean,,percentage,INR,true,,39.2,NEEDS PO APPROVAL - methodology not defined,MoSPI HCES (per-capita MPCE; no by-dependant-count cross-tab published); not downloaded or used,FHIP01-0166
FHIP dependant-band household benchmark model,1.0,IN_RURAL_ESTABLISHED_FAMILY_1DEP,housing_cost_ratio,mean,,percentage,INR,true,,25,NEEDS PO APPROVAL - methodology not defined,MoSPI HCES (per-capita MPCE; no by-dependant-count cross-tab published); not downloaded or used,FHIP01-0167
FHIP dependant-band household benchmark model,1.0,IN_RURAL_ESTABLISHED_FAMILY_1DEP,discretionary_expense_ratio,mean,,percentage,INR,true,,26.3,NEEDS PO APPROVAL - methodology not defined,MoSPI HCES (per-capita MPCE; no by-dependant-count cross-tab published); not downloaded or used,FHIP01-0168
FHIP dependant-band household benchmark model,1.0,IN_RURAL_ESTABLISHED_FAMILY_1DEP,fixed_commitment_ratio,mean,,percentage,INR,true,,23.5,NEEDS PO APPROVAL - methodology not defined,MoSPI HCES (per-capita MPCE; no by-dependant-count cross-tab published); not downloaded or used,FHIP01-0169
FHIP dependant-band household benchmark model,1.0,IN_RURAL_ESTABLISHED_FAMILY_1DEP,total_expense_ratio,mean,,percentage,INR,true,,65.5,NEEDS PO APPROVAL - methodology not defined,MoSPI HCES (per-capita MPCE; no by-dependant-count cross-tab published); not downloaded or used,FHIP01-0170
FHIP dependant-band household benchmark model,1.0,IN_RURAL_ESTABLISHED_FAMILY_1DEP,savings_rate,mean,,percentage,INR,true,,34.5,NEEDS PO APPROVAL - methodology not defined,MoSPI HCES (per-capita MPCE; no by-dependant-count cross-tab published); not downloaded or used,FHIP01-0171
FHIP dependant-band household benchmark model,1.0,IN_RURAL_ESTABLISHED_FAMILY_1DEP,expense_growth_12m,mean,,percentage,INR,true,,3,NEEDS PO APPROVAL - methodology not defined,MoSPI HCES (per-capita MPCE; no by-dependant-count cross-tab published); not downloaded or used,FHIP01-0172
FHIP dependant-band household benchmark model,1.0,IN_RURAL_ESTABLISHED_FAMILY_1DEP,monthly_surplus,mean,,currency,INR,true,,4649,NEEDS PO APPROVAL - methodology not defined,MoSPI HCES (per-capita MPCE; no by-dependant-count cross-tab published); not downloaded or used,FHIP01-0173
FHIP dependant-band household benchmark model,1.0,IN_RURAL_ESTABLISHED_FAMILY_1DEP,surplus_margin,mean,,percentage,INR,true,,34.5,NEEDS PO APPROVAL - methodology not defined,MoSPI HCES (per-capita MPCE; no by-dependant-count cross-tab published); not downloaded or used,FHIP01-0174
FHIP dependant-band household benchmark model,1.0,IN_RURAL_ESTABLISHED_FAMILY_1DEP,emergency_fund_months,mean,,months,INR,true,,5,NEEDS PO APPROVAL - methodology not defined,MoSPI HCES (per-capita MPCE; no by-dependant-count cross-tab published); not downloaded or used,FHIP01-0175
FHIP dependant-band household benchmark model,1.0,IN_RURAL_ESTABLISHED_FAMILY_1DEP,income_interruption_coverage,mean,,months,INR,true,,4.5,NEEDS PO APPROVAL - methodology not defined,MoSPI HCES (per-capita MPCE; no by-dependant-count cross-tab published); not downloaded or used,FHIP01-0176
FHIP dependant-band household benchmark model,1.0,IN_RURAL_ESTABLISHED_FAMILY,essential_expense_ratio,mean,,percentage,INR,true,,47.4,NEEDS PO APPROVAL - methodology not defined,MoSPI HCES (per-capita MPCE; no by-dependant-count cross-tab published); not downloaded or used,FHIP01-0177
FHIP dependant-band household benchmark model,1.0,IN_RURAL_ESTABLISHED_FAMILY,housing_cost_ratio,mean,,percentage,INR,true,,25,NEEDS PO APPROVAL - methodology not defined,MoSPI HCES (per-capita MPCE; no by-dependant-count cross-tab published); not downloaded or used,FHIP01-0178
FHIP dependant-band household benchmark model,1.0,IN_RURAL_ESTABLISHED_FAMILY,discretionary_expense_ratio,mean,,percentage,INR,true,,23,NEEDS PO APPROVAL - methodology not defined,MoSPI HCES (per-capita MPCE; no by-dependant-count cross-tab published); not downloaded or used,FHIP01-0179
FHIP dependant-band household benchmark model,1.0,IN_RURAL_ESTABLISHED_FAMILY,fixed_commitment_ratio,mean,,percentage,INR,true,,28.5,NEEDS PO APPROVAL - methodology not defined,MoSPI HCES (per-capita MPCE; no by-dependant-count cross-tab published); not downloaded or used,FHIP01-0180
FHIP dependant-band household benchmark model,1.0,IN_RURAL_ESTABLISHED_FAMILY,total_expense_ratio,mean,,percentage,INR,true,,70.5,NEEDS PO APPROVAL - methodology not defined,MoSPI HCES (per-capita MPCE; no by-dependant-count cross-tab published); not downloaded or used,FHIP01-0181
FHIP dependant-band household benchmark model,1.0,IN_RURAL_ESTABLISHED_FAMILY,savings_rate,mean,,percentage,INR,true,,29.5,NEEDS PO APPROVAL - methodology not defined,MoSPI HCES (per-capita MPCE; no by-dependant-count cross-tab published); not downloaded or used,FHIP01-0182
FHIP dependant-band household benchmark model,1.0,IN_RURAL_ESTABLISHED_FAMILY,expense_growth_12m,mean,,percentage,INR,true,,3,NEEDS PO APPROVAL - methodology not defined,MoSPI HCES (per-capita MPCE; no by-dependant-count cross-tab published); not downloaded or used,FHIP01-0183
FHIP dependant-band household benchmark model,1.0,IN_RURAL_ESTABLISHED_FAMILY,monthly_surplus,mean,,currency,INR,true,,3982,NEEDS PO APPROVAL - methodology not defined,MoSPI HCES (per-capita MPCE; no by-dependant-count cross-tab published); not downloaded or used,FHIP01-0184
FHIP dependant-band household benchmark model,1.0,IN_RURAL_ESTABLISHED_FAMILY,surplus_margin,mean,,percentage,INR,true,,29.5,NEEDS PO APPROVAL - methodology not defined,MoSPI HCES (per-capita MPCE; no by-dependant-count cross-tab published); not downloaded or used,FHIP01-0185
FHIP dependant-band household benchmark model,1.0,IN_RURAL_ESTABLISHED_FAMILY,emergency_fund_months,mean,,months,INR,true,,5.8,NEEDS PO APPROVAL - methodology not defined,MoSPI HCES (per-capita MPCE; no by-dependant-count cross-tab published); not downloaded or used,FHIP01-0186
FHIP dependant-band household benchmark model,1.0,IN_RURAL_ESTABLISHED_FAMILY,income_interruption_coverage,mean,,months,INR,true,,5.2,NEEDS PO APPROVAL - methodology not defined,MoSPI HCES (per-capita MPCE; no by-dependant-count cross-tab published); not downloaded or used,FHIP01-0187
FHIP dependant-band household benchmark model,1.0,IN_RURAL_ESTABLISHED_FAMILY_3PLUSDEP,essential_expense_ratio,mean,,percentage,INR,true,,54.8,NEEDS PO APPROVAL - methodology not defined,MoSPI HCES (per-capita MPCE; no by-dependant-count cross-tab published); not downloaded or used,FHIP01-0188
FHIP dependant-band household benchmark model,1.0,IN_RURAL_ESTABLISHED_FAMILY_3PLUSDEP,housing_cost_ratio,mean,,percentage,INR,true,,25,NEEDS PO APPROVAL - methodology not defined,MoSPI HCES (per-capita MPCE; no by-dependant-count cross-tab published); not downloaded or used,FHIP01-0189
FHIP dependant-band household benchmark model,1.0,IN_RURAL_ESTABLISHED_FAMILY_3PLUSDEP,discretionary_expense_ratio,mean,,percentage,INR,true,,20.1,NEEDS PO APPROVAL - methodology not defined,MoSPI HCES (per-capita MPCE; no by-dependant-count cross-tab published); not downloaded or used,FHIP01-0190
FHIP dependant-band household benchmark model,1.0,IN_RURAL_ESTABLISHED_FAMILY_3PLUSDEP,fixed_commitment_ratio,mean,,percentage,INR,true,,32.9,NEEDS PO APPROVAL - methodology not defined,MoSPI HCES (per-capita MPCE; no by-dependant-count cross-tab published); not downloaded or used,FHIP01-0191
FHIP dependant-band household benchmark model,1.0,IN_RURAL_ESTABLISHED_FAMILY_3PLUSDEP,total_expense_ratio,mean,,percentage,INR,true,,74.9,NEEDS PO APPROVAL - methodology not defined,MoSPI HCES (per-capita MPCE; no by-dependant-count cross-tab published); not downloaded or used,FHIP01-0192
FHIP dependant-band household benchmark model,1.0,IN_RURAL_ESTABLISHED_FAMILY_3PLUSDEP,savings_rate,mean,,percentage,INR,true,,25.1,NEEDS PO APPROVAL - methodology not defined,MoSPI HCES (per-capita MPCE; no by-dependant-count cross-tab published); not downloaded or used,FHIP01-0193
FHIP dependant-band household benchmark model,1.0,IN_RURAL_ESTABLISHED_FAMILY_3PLUSDEP,expense_growth_12m,mean,,percentage,INR,true,,3,NEEDS PO APPROVAL - methodology not defined,MoSPI HCES (per-capita MPCE; no by-dependant-count cross-tab published); not downloaded or used,FHIP01-0194
FHIP dependant-band household benchmark model,1.0,IN_RURAL_ESTABLISHED_FAMILY_3PLUSDEP,monthly_surplus,mean,,currency,INR,true,,3388,NEEDS PO APPROVAL - methodology not defined,MoSPI HCES (per-capita MPCE; no by-dependant-count cross-tab published); not downloaded or used,FHIP01-0195
FHIP dependant-band household benchmark model,1.0,IN_RURAL_ESTABLISHED_FAMILY_3PLUSDEP,surplus_margin,mean,,percentage,INR,true,,25.1,NEEDS PO APPROVAL - methodology not defined,MoSPI HCES (per-capita MPCE; no by-dependant-count cross-tab published); not downloaded or used,FHIP01-0196
FHIP dependant-band household benchmark model,1.0,IN_RURAL_ESTABLISHED_FAMILY_3PLUSDEP,emergency_fund_months,mean,,months,INR,true,,6.5,NEEDS PO APPROVAL - methodology not defined,MoSPI HCES (per-capita MPCE; no by-dependant-count cross-tab published); not downloaded or used,FHIP01-0197
FHIP dependant-band household benchmark model,1.0,IN_RURAL_ESTABLISHED_FAMILY_3PLUSDEP,income_interruption_coverage,mean,,months,INR,true,,5.9,NEEDS PO APPROVAL - methodology not defined,MoSPI HCES (per-capita MPCE; no by-dependant-count cross-tab published); not downloaded or used,FHIP01-0198
