dataset_name,dataset_version,cohort_code,metric_code,statistic_type,value_numeric,value_text,unit,original_currency,base_date,is_derived,derivation_method,confidence_score,effective_from,effective_to,version,x_obs_id,x_release,x_obs_period_start,x_obs_period_end,x_reference_date,x_source_file,x_source_locator,x_retrieval_date,x_unit_multiplier
AU net worth and income by age band,1.0,AU_AGE_15_24,net_worth,mean,83800,"Household Income and Wealth, Australia, 2019-20 financial year (ABS) | obs 01/07/2019-30/06/2020 | 2019-20/10. Age of reference person.xlsx Table 10.2!B9 | retrieved 03/10/2026 | households by age of reference person 15-24",currency,AUD,2020-06-30,false,,,2022-04-28,,1,HIW4-2019-20-T10.2-00001,"Household Income and Wealth, Australia, 2019-20 financial year (ABS)",2019-07-01,2020-06-30,,2019-20/10. Age of reference person.xlsx,"Table 10.2 HOUSEHOLD ASSETS AND LIABILITIES, Age of reference person | Table 10.2!B9",2026-10-03,1000
AU net worth and income by age band,1.0,AU_AGE_15_24,net_worth,median,34600,"Household Income and Wealth, Australia, 2019-20 financial year (ABS) | obs 01/07/2019-30/06/2020 | 2019-20/10. Age of reference person.xlsx Table 10.2!B10 | retrieved 03/10/2026 | households by age of reference person 15-24",currency,AUD,2020-06-30,false,,,2022-04-28,,1,HIW4-2019-20-T10.2-00010,"Household Income and Wealth, Australia, 2019-20 financial year (ABS)",2019-07-01,2020-06-30,,2019-20/10. Age of reference person.xlsx,"Table 10.2 HOUSEHOLD ASSETS AND LIABILITIES, Age of reference person | Table 10.2!B10",2026-10-03,1000
AU net worth and income by age band,1.0,AU_AGE_15_24,gross_household_income,mean,88400,"Household Income and Wealth, Australia, 2019-20 financial year (ABS) | obs 01/07/2019-30/06/2020 | 2019-20/10. Age of reference person.xlsx Table 10.1!B12 | retrieved 03/10/2026 | households by age of reference person 15-24",currency,AUD,2020-06-30,true,"ABS mean gross household income per WEEK x 52 (annualised for the metric, which is annual). Weekly figure is a 2019-20 survey-year dollar amount.",,2022-04-28,,1,HIW4-2019-20-T10.1-00019,"Household Income and Wealth, Australia, 2019-20 financial year (ABS)",2019-07-01,2020-06-30,,2019-20/10. Age of reference person.xlsx,"Table 10.1 INCOME DISTRIBUTION, Age of reference person | Table 10.1!B12",2026-10-03,1
AU net worth and income by age band,1.0,AU_AGE_15_24,gross_household_income,median,79872,"Household Income and Wealth, Australia, 2019-20 financial year (ABS) | obs 01/07/2019-30/06/2020 | 2019-20/10. Age of reference person.xlsx Table 10.1!B19 | retrieved 03/10/2026 | households by age of reference person 15-24",currency,AUD,2020-06-30,true,"ABS median gross household income per WEEK x 52 (annualised for the metric, which is annual).",,2022-04-28,,1,HIW4-2019-20-T10.1-00064,"Household Income and Wealth, Australia, 2019-20 financial year (ABS)",2019-07-01,2020-06-30,,2019-20/10. Age of reference person.xlsx,"Table 10.1 INCOME DISTRIBUTION, Age of reference person | Table 10.1!B19",2026-10-03,1
AU net worth and income by age band,1.0,AU_AGE_25_34,net_worth,mean,353800,"Household Income and Wealth, Australia, 2019-20 financial year (ABS) | obs 01/07/2019-30/06/2020 | 2019-20/10. Age of reference person.xlsx Table 10.2!C9 | retrieved 03/10/2026 | households by age of reference person 25-34",currency,AUD,2020-06-30,false,,,2022-04-28,,1,HIW4-2019-20-T10.2-00002,"Household Income and Wealth, Australia, 2019-20 financial year (ABS)",2019-07-01,2020-06-30,,2019-20/10. Age of reference person.xlsx,"Table 10.2 HOUSEHOLD ASSETS AND LIABILITIES, Age of reference person | Table 10.2!C9",2026-10-03,1000
AU net worth and income by age band,1.0,AU_AGE_25_34,net_worth,median,175700,"Household Income and Wealth, Australia, 2019-20 financial year (ABS) | obs 01/07/2019-30/06/2020 | 2019-20/10. Age of reference person.xlsx Table 10.2!C10 | retrieved 03/10/2026 | households by age of reference person 25-34",currency,AUD,2020-06-30,false,,,2022-04-28,,1,HIW4-2019-20-T10.2-00011,"Household Income and Wealth, Australia, 2019-20 financial year (ABS)",2019-07-01,2020-06-30,,2019-20/10. Age of reference person.xlsx,"Table 10.2 HOUSEHOLD ASSETS AND LIABILITIES, Age of reference person | Table 10.2!C10",2026-10-03,1000
AU net worth and income by age band,1.0,AU_AGE_25_34,gross_household_income,mean,128180,"Household Income and Wealth, Australia, 2019-20 financial year (ABS) | obs 01/07/2019-30/06/2020 | 2019-20/10. Age of reference person.xlsx Table 10.1!C12 | retrieved 03/10/2026 | households by age of reference person 25-34",currency,AUD,2020-06-30,true,"ABS mean gross household income per WEEK x 52 (annualised for the metric, which is annual). Weekly figure is a 2019-20 survey-year dollar amount.",,2022-04-28,,1,HIW4-2019-20-T10.1-00020,"Household Income and Wealth, Australia, 2019-20 financial year (ABS)",2019-07-01,2020-06-30,,2019-20/10. Age of reference person.xlsx,"Table 10.1 INCOME DISTRIBUTION, Age of reference person | Table 10.1!C12",2026-10-03,1
AU net worth and income by age band,1.0,AU_AGE_25_34,gross_household_income,median,112944,"Household Income and Wealth, Australia, 2019-20 financial year (ABS) | obs 01/07/2019-30/06/2020 | 2019-20/10. Age of reference person.xlsx Table 10.1!C19 | retrieved 03/10/2026 | households by age of reference person 25-34",currency,AUD,2020-06-30,true,"ABS median gross household income per WEEK x 52 (annualised for the metric, which is annual).",,2022-04-28,,1,HIW4-2019-20-T10.1-00065,"Household Income and Wealth, Australia, 2019-20 financial year (ABS)",2019-07-01,2020-06-30,,2019-20/10. Age of reference person.xlsx,"Table 10.1 INCOME DISTRIBUTION, Age of reference person | Table 10.1!C19",2026-10-03,1
AU net worth and income by age band,1.0,AU_AGE_35_44,net_worth,mean,692600,"Household Income and Wealth, Australia, 2019-20 financial year (ABS) | obs 01/07/2019-30/06/2020 | 2019-20/10. Age of reference person.xlsx Table 10.2!D9 | retrieved 03/10/2026 | households by age of reference person 35-44",currency,AUD,2020-06-30,false,,,2022-04-28,,1,HIW4-2019-20-T10.2-00003,"Household Income and Wealth, Australia, 2019-20 financial year (ABS)",2019-07-01,2020-06-30,,2019-20/10. Age of reference person.xlsx,"Table 10.2 HOUSEHOLD ASSETS AND LIABILITIES, Age of reference person | Table 10.2!D9",2026-10-03,1000
AU net worth and income by age band,1.0,AU_AGE_35_44,net_worth,median,401000,"Household Income and Wealth, Australia, 2019-20 financial year (ABS) | obs 01/07/2019-30/06/2020 | 2019-20/10. Age of reference person.xlsx Table 10.2!D10 | retrieved 03/10/2026 | households by age of reference person 35-44",currency,AUD,2020-06-30,false,,,2022-04-28,,1,HIW4-2019-20-T10.2-00012,"Household Income and Wealth, Australia, 2019-20 financial year (ABS)",2019-07-01,2020-06-30,,2019-20/10. Age of reference person.xlsx,"Table 10.2 HOUSEHOLD ASSETS AND LIABILITIES, Age of reference person | Table 10.2!D10",2026-10-03,1000
AU net worth and income by age band,1.0,AU_AGE_35_44,gross_household_income,mean,147524,"Household Income and Wealth, Australia, 2019-20 financial year (ABS) | obs 01/07/2019-30/06/2020 | 2019-20/10. Age of reference person.xlsx Table 10.1!D12 | retrieved 03/10/2026 | households by age of reference person 35-44",currency,AUD,2020-06-30,true,"ABS mean gross household income per WEEK x 52 (annualised for the metric, which is annual). Weekly figure is a 2019-20 survey-year dollar amount.",,2022-04-28,,1,HIW4-2019-20-T10.1-00021,"Household Income and Wealth, Australia, 2019-20 financial year (ABS)",2019-07-01,2020-06-30,,2019-20/10. Age of reference person.xlsx,"Table 10.1 INCOME DISTRIBUTION, Age of reference person | Table 10.1!D12",2026-10-03,1
AU net worth and income by age band,1.0,AU_AGE_35_44,gross_household_income,median,122044,"Household Income and Wealth, Australia, 2019-20 financial year (ABS) | obs 01/07/2019-30/06/2020 | 2019-20/10. Age of reference person.xlsx Table 10.1!D19 | retrieved 03/10/2026 | households by age of reference person 35-44",currency,AUD,2020-06-30,true,"ABS median gross household income per WEEK x 52 (annualised for the metric, which is annual).",,2022-04-28,,1,HIW4-2019-20-T10.1-00066,"Household Income and Wealth, Australia, 2019-20 financial year (ABS)",2019-07-01,2020-06-30,,2019-20/10. Age of reference person.xlsx,"Table 10.1 INCOME DISTRIBUTION, Age of reference person | Table 10.1!D19",2026-10-03,1
AU net worth and income by age band,1.0,AU_AGE_45_54,net_worth,mean,1124600,"Household Income and Wealth, Australia, 2019-20 financial year (ABS) | obs 01/07/2019-30/06/2020 | 2019-20/10. Age of reference person.xlsx Table 10.2!E9 | retrieved 03/10/2026 | households by age of reference person 45-54",currency,AUD,2020-06-30,false,,,2022-04-28,,1,HIW4-2019-20-T10.2-00004,"Household Income and Wealth, Australia, 2019-20 financial year (ABS)",2019-07-01,2020-06-30,,2019-20/10. Age of reference person.xlsx,"Table 10.2 HOUSEHOLD ASSETS AND LIABILITIES, Age of reference person | Table 10.2!E9",2026-10-03,1000
AU net worth and income by age band,1.0,AU_AGE_45_54,net_worth,median,799600,"Household Income and Wealth, Australia, 2019-20 financial year (ABS) | obs 01/07/2019-30/06/2020 | 2019-20/10. Age of reference person.xlsx Table 10.2!E10 | retrieved 03/10/2026 | households by age of reference person 45-54",currency,AUD,2020-06-30,false,,,2022-04-28,,1,HIW4-2019-20-T10.2-00013,"Household Income and Wealth, Australia, 2019-20 financial year (ABS)",2019-07-01,2020-06-30,,2019-20/10. Age of reference person.xlsx,"Table 10.2 HOUSEHOLD ASSETS AND LIABILITIES, Age of reference person | Table 10.2!E10",2026-10-03,1000
AU net worth and income by age band,1.0,AU_AGE_45_54,gross_household_income,mean,157716,"Household Income and Wealth, Australia, 2019-20 financial year (ABS) | obs 01/07/2019-30/06/2020 | 2019-20/10. Age of reference person.xlsx Table 10.1!E12 | retrieved 03/10/2026 | households by age of reference person 45-54",currency,AUD,2020-06-30,true,"ABS mean gross household income per WEEK x 52 (annualised for the metric, which is annual). Weekly figure is a 2019-20 survey-year dollar amount.",,2022-04-28,,1,HIW4-2019-20-T10.1-00022,"Household Income and Wealth, Australia, 2019-20 financial year (ABS)",2019-07-01,2020-06-30,,2019-20/10. Age of reference person.xlsx,"Table 10.1 INCOME DISTRIBUTION, Age of reference person | Table 10.1!E12",2026-10-03,1
AU net worth and income by age band,1.0,AU_AGE_45_54,gross_household_income,median,127400,"Household Income and Wealth, Australia, 2019-20 financial year (ABS) | obs 01/07/2019-30/06/2020 | 2019-20/10. Age of reference person.xlsx Table 10.1!E19 | retrieved 03/10/2026 | households by age of reference person 45-54",currency,AUD,2020-06-30,true,"ABS median gross household income per WEEK x 52 (annualised for the metric, which is annual).",,2022-04-28,,1,HIW4-2019-20-T10.1-00067,"Household Income and Wealth, Australia, 2019-20 financial year (ABS)",2019-07-01,2020-06-30,,2019-20/10. Age of reference person.xlsx,"Table 10.1 INCOME DISTRIBUTION, Age of reference person | Table 10.1!E19",2026-10-03,1
AU net worth and income by age band,1.0,AU_AGE_55_64,net_worth,mean,1519000,"Household Income and Wealth, Australia, 2019-20 financial year (ABS) | obs 01/07/2019-30/06/2020 | 2019-20/10. Age of reference person.xlsx Table 10.2!F9 | retrieved 03/10/2026 | households by age of reference person 55-64",currency,AUD,2020-06-30,false,,,2022-04-28,,1,HIW4-2019-20-T10.2-00005,"Household Income and Wealth, Australia, 2019-20 financial year (ABS)",2019-07-01,2020-06-30,,2019-20/10. Age of reference person.xlsx,"Table 10.2 HOUSEHOLD ASSETS AND LIABILITIES, Age of reference person | Table 10.2!F9",2026-10-03,1000
AU net worth and income by age band,1.0,AU_AGE_55_64,net_worth,median,999900,"Household Income and Wealth, Australia, 2019-20 financial year (ABS) | obs 01/07/2019-30/06/2020 | 2019-20/10. Age of reference person.xlsx Table 10.2!F10 | retrieved 03/10/2026 | households by age of reference person 55-64",currency,AUD,2020-06-30,false,,,2022-04-28,,1,HIW4-2019-20-T10.2-00014,"Household Income and Wealth, Australia, 2019-20 financial year (ABS)",2019-07-01,2020-06-30,,2019-20/10. Age of reference person.xlsx,"Table 10.2 HOUSEHOLD ASSETS AND LIABILITIES, Age of reference person | Table 10.2!F10",2026-10-03,1000
AU net worth and income by age band,1.0,AU_AGE_55_64,gross_household_income,mean,131976,"Household Income and Wealth, Australia, 2019-20 financial year (ABS) | obs 01/07/2019-30/06/2020 | 2019-20/10. Age of reference person.xlsx Table 10.1!F12 | retrieved 03/10/2026 | households by age of reference person 55-64",currency,AUD,2020-06-30,true,"ABS mean gross household income per WEEK x 52 (annualised for the metric, which is annual). Weekly figure is a 2019-20 survey-year dollar amount.",,2022-04-28,,1,HIW4-2019-20-T10.1-00023,"Household Income and Wealth, Australia, 2019-20 financial year (ABS)",2019-07-01,2020-06-30,,2019-20/10. Age of reference person.xlsx,"Table 10.1 INCOME DISTRIBUTION, Age of reference person | Table 10.1!F12",2026-10-03,1
AU net worth and income by age band,1.0,AU_AGE_55_64,gross_household_income,median,96096,"Household Income and Wealth, Australia, 2019-20 financial year (ABS) | obs 01/07/2019-30/06/2020 | 2019-20/10. Age of reference person.xlsx Table 10.1!F19 | retrieved 03/10/2026 | households by age of reference person 55-64",currency,AUD,2020-06-30,true,"ABS median gross household income per WEEK x 52 (annualised for the metric, which is annual).",,2022-04-28,,1,HIW4-2019-20-T10.1-00068,"Household Income and Wealth, Australia, 2019-20 financial year (ABS)",2019-07-01,2020-06-30,,2019-20/10. Age of reference person.xlsx,"Table 10.1 INCOME DISTRIBUTION, Age of reference person | Table 10.1!F19",2026-10-03,1
AU net worth and income by age band,1.0,AU_AGE_65_74,net_worth,mean,1673800,"Household Income and Wealth, Australia, 2019-20 financial year (ABS) | obs 01/07/2019-30/06/2020 | 2019-20/10. Age of reference person.xlsx Table 10.2!G9 | retrieved 03/10/2026 | households by age of reference person 65-74",currency,AUD,2020-06-30,false,,,2022-04-28,,1,HIW4-2019-20-T10.2-00006,"Household Income and Wealth, Australia, 2019-20 financial year (ABS)",2019-07-01,2020-06-30,,2019-20/10. Age of reference person.xlsx,"Table 10.2 HOUSEHOLD ASSETS AND LIABILITIES, Age of reference person | Table 10.2!G9",2026-10-03,1000
AU net worth and income by age band,1.0,AU_AGE_65_74,net_worth,median,926700,"Household Income and Wealth, Australia, 2019-20 financial year (ABS) | obs 01/07/2019-30/06/2020 | 2019-20/10. Age of reference person.xlsx Table 10.2!G10 | retrieved 03/10/2026 | households by age of reference person 65-74",currency,AUD,2020-06-30,false,,,2022-04-28,,1,HIW4-2019-20-T10.2-00015,"Household Income and Wealth, Australia, 2019-20 financial year (ABS)",2019-07-01,2020-06-30,,2019-20/10. Age of reference person.xlsx,"Table 10.2 HOUSEHOLD ASSETS AND LIABILITIES, Age of reference person | Table 10.2!G10",2026-10-03,1000
AU net worth and income by age band,1.0,AU_AGE_65_74,gross_household_income,mean,75400,"Household Income and Wealth, Australia, 2019-20 financial year (ABS) | obs 01/07/2019-30/06/2020 | 2019-20/10. Age of reference person.xlsx Table 10.1!G12 | retrieved 03/10/2026 | households by age of reference person 65-74",currency,AUD,2020-06-30,true,"ABS mean gross household income per WEEK x 52 (annualised for the metric, which is annual). Weekly figure is a 2019-20 survey-year dollar amount.",,2022-04-28,,1,HIW4-2019-20-T10.1-00024,"Household Income and Wealth, Australia, 2019-20 financial year (ABS)",2019-07-01,2020-06-30,,2019-20/10. Age of reference person.xlsx,"Table 10.1 INCOME DISTRIBUTION, Age of reference person | Table 10.1!G12",2026-10-03,1
AU net worth and income by age band,1.0,AU_AGE_65_74,gross_household_income,median,50700,"Household Income and Wealth, Australia, 2019-20 financial year (ABS) | obs 01/07/2019-30/06/2020 | 2019-20/10. Age of reference person.xlsx Table 10.1!G19 | retrieved 03/10/2026 | households by age of reference person 65-74",currency,AUD,2020-06-30,true,"ABS median gross household income per WEEK x 52 (annualised for the metric, which is annual).",,2022-04-28,,1,HIW4-2019-20-T10.1-00069,"Household Income and Wealth, Australia, 2019-20 financial year (ABS)",2019-07-01,2020-06-30,,2019-20/10. Age of reference person.xlsx,"Table 10.1 INCOME DISTRIBUTION, Age of reference person | Table 10.1!G19",2026-10-03,1
AU net worth and income by age band,1.0,AU_AGE_75_PLUS,net_worth,mean,1167000,"Household Income and Wealth, Australia, 2019-20 financial year (ABS) | obs 01/07/2019-30/06/2020 | 2019-20/10. Age of reference person.xlsx Table 10.2!H9 | retrieved 03/10/2026 | households by age of reference person 75 and over",currency,AUD,2020-06-30,false,,,2022-04-28,,1,HIW4-2019-20-T10.2-00007,"Household Income and Wealth, Australia, 2019-20 financial year (ABS)",2019-07-01,2020-06-30,,2019-20/10. Age of reference person.xlsx,"Table 10.2 HOUSEHOLD ASSETS AND LIABILITIES, Age of reference person | Table 10.2!H9",2026-10-03,1000
AU net worth and income by age band,1.0,AU_AGE_75_PLUS,net_worth,median,725100,"Household Income and Wealth, Australia, 2019-20 financial year (ABS) | obs 01/07/2019-30/06/2020 | 2019-20/10. Age of reference person.xlsx Table 10.2!H10 | retrieved 03/10/2026 | households by age of reference person 75 and over",currency,AUD,2020-06-30,false,,,2022-04-28,,1,HIW4-2019-20-T10.2-00016,"Household Income and Wealth, Australia, 2019-20 financial year (ABS)",2019-07-01,2020-06-30,,2019-20/10. Age of reference person.xlsx,"Table 10.2 HOUSEHOLD ASSETS AND LIABILITIES, Age of reference person | Table 10.2!H10",2026-10-03,1000
AU net worth and income by age band,1.0,AU_AGE_75_PLUS,gross_household_income,mean,54340,"Household Income and Wealth, Australia, 2019-20 financial year (ABS) | obs 01/07/2019-30/06/2020 | 2019-20/10. Age of reference person.xlsx Table 10.1!H12 | retrieved 03/10/2026 | households by age of reference person 75 and over",currency,AUD,2020-06-30,true,"ABS mean gross household income per WEEK x 52 (annualised for the metric, which is annual). Weekly figure is a 2019-20 survey-year dollar amount.",,2022-04-28,,1,HIW4-2019-20-T10.1-00025,"Household Income and Wealth, Australia, 2019-20 financial year (ABS)",2019-07-01,2020-06-30,,2019-20/10. Age of reference person.xlsx,"Table 10.1 INCOME DISTRIBUTION, Age of reference person | Table 10.1!H12",2026-10-03,1
AU net worth and income by age band,1.0,AU_AGE_75_PLUS,gross_household_income,median,40716,"Household Income and Wealth, Australia, 2019-20 financial year (ABS) | obs 01/07/2019-30/06/2020 | 2019-20/10. Age of reference person.xlsx Table 10.1!H19 | retrieved 03/10/2026 | households by age of reference person 75 and over",currency,AUD,2020-06-30,true,"ABS median gross household income per WEEK x 52 (annualised for the metric, which is annual).",,2022-04-28,,1,HIW4-2019-20-T10.1-00070,"Household Income and Wealth, Australia, 2019-20 financial year (ABS)",2019-07-01,2020-06-30,,2019-20/10. Age of reference person.xlsx,"Table 10.1 INCOME DISTRIBUTION, Age of reference person | Table 10.1!H19",2026-10-03,1
