metric_code,source_name,country_code,life_stage,household_type,band_label,band_tier,lower_bound,upper_bound,direction,explanation,evidence_level,model_version,effective_from,effective_to,x_obs_id,x_release,x_obs_period_start,x_obs_period_end,x_source_file,x_source_locator,x_retrieval_date
surplus_margin,FHIP_PLANNING_V1,,,,critical,1,,0,target_range,Below 0% surplus margin indicates high cash-flow pressure.,research_informed,fhip-planning-1.0.0,,,FHIP11-0001,"FHIP Planning Benchmarks v1.0 (repo seed 0012, spec sections 8.1-8.9)",,,supabase/migrations/0012_module8_benchmark_seed.sql,section 7 FHIP Planning Benchmark v1.0 target ranges,
surplus_margin,FHIP_PLANNING_V1,,,,needs_attention,2,0,9.9,target_range,A thin but positive surplus margin.,research_informed,fhip-planning-1.0.0,,,FHIP11-0002,"FHIP Planning Benchmarks v1.0 (repo seed 0012, spec sections 8.1-8.9)",,,supabase/migrations/0012_module8_benchmark_seed.sql,section 7 FHIP Planning Benchmark v1.0 target ranges,
surplus_margin,FHIP_PLANNING_V1,,,,healthy,3,10,24.9,target_range,A generally healthy surplus margin.,research_informed,fhip-planning-1.0.0,,,FHIP11-0003,"FHIP Planning Benchmarks v1.0 (repo seed 0012, spec sections 8.1-8.9)",,,supabase/migrations/0012_module8_benchmark_seed.sql,section 7 FHIP Planning Benchmark v1.0 target ranges,
surplus_margin,FHIP_PLANNING_V1,,,,strong,4,25,,target_range,A strong surplus margin.,research_informed,fhip-planning-1.0.0,,,FHIP11-0004,"FHIP Planning Benchmarks v1.0 (repo seed 0012, spec sections 8.1-8.9)",,,supabase/migrations/0012_module8_benchmark_seed.sql,section 7 FHIP Planning Benchmark v1.0 target ranges,
savings_rate,FHIP_PLANNING_V1,,,,critical,1,,0,target_range,A negative savings rate indicates spending exceeds income.,research_informed,fhip-planning-1.0.0,,,FHIP11-0005,"FHIP Planning Benchmarks v1.0 (repo seed 0012, spec sections 8.1-8.9)",,,supabase/migrations/0012_module8_benchmark_seed.sql,section 7 FHIP Planning Benchmark v1.0 target ranges,
savings_rate,FHIP_PLANNING_V1,,,,needs_attention,2,0,9.9,target_range,A modest savings rate.,research_informed,fhip-planning-1.0.0,,,FHIP11-0006,"FHIP Planning Benchmarks v1.0 (repo seed 0012, spec sections 8.1-8.9)",,,supabase/migrations/0012_module8_benchmark_seed.sql,section 7 FHIP Planning Benchmark v1.0 target ranges,
savings_rate,FHIP_PLANNING_V1,,,,healthy,3,10,19.9,target_range,A generally healthy savings rate.,research_informed,fhip-planning-1.0.0,,,FHIP11-0007,"FHIP Planning Benchmarks v1.0 (repo seed 0012, spec sections 8.1-8.9)",,,supabase/migrations/0012_module8_benchmark_seed.sql,section 7 FHIP Planning Benchmark v1.0 target ranges,
savings_rate,FHIP_PLANNING_V1,,,,strong,4,20,,target_range,A strong savings rate.,research_informed,fhip-planning-1.0.0,,,FHIP11-0008,"FHIP Planning Benchmarks v1.0 (repo seed 0012, spec sections 8.1-8.9)",,,supabase/migrations/0012_module8_benchmark_seed.sql,section 7 FHIP Planning Benchmark v1.0 target ranges,
total_expense_ratio,FHIP_PLANNING_V1,,,,critical,1,100,,target_range,Expenses exceed net income.,research_informed,fhip-planning-1.0.0,,,FHIP11-0009,"FHIP Planning Benchmarks v1.0 (repo seed 0012, spec sections 8.1-8.9)",,,supabase/migrations/0012_module8_benchmark_seed.sql,section 7 FHIP Planning Benchmark v1.0 target ranges,
total_expense_ratio,FHIP_PLANNING_V1,,,,needs_attention,2,90,100,target_range,Expenses use nearly all net income.,research_informed,fhip-planning-1.0.0,,,FHIP11-0010,"FHIP Planning Benchmarks v1.0 (repo seed 0012, spec sections 8.1-8.9)",,,supabase/migrations/0012_module8_benchmark_seed.sql,section 7 FHIP Planning Benchmark v1.0 target ranges,
total_expense_ratio,FHIP_PLANNING_V1,,,,healthy,3,60,90,target_range,A generally healthy total expense ratio.,research_informed,fhip-planning-1.0.0,,,FHIP11-0011,"FHIP Planning Benchmarks v1.0 (repo seed 0012, spec sections 8.1-8.9)",,,supabase/migrations/0012_module8_benchmark_seed.sql,section 7 FHIP Planning Benchmark v1.0 target ranges,
total_expense_ratio,FHIP_PLANNING_V1,,,,strong,4,,60,target_range,A strong (low) total expense ratio.,research_informed,fhip-planning-1.0.0,,,FHIP11-0012,"FHIP Planning Benchmarks v1.0 (repo seed 0012, spec sections 8.1-8.9)",,,supabase/migrations/0012_module8_benchmark_seed.sql,section 7 FHIP Planning Benchmark v1.0 target ranges,
essential_expense_ratio,FHIP_PLANNING_V1,,,,critical,1,75,,target_range,"Essential expenses use most of net income, leaving little flexibility.",research_informed,fhip-planning-1.0.0,,,FHIP11-0013,"FHIP Planning Benchmarks v1.0 (repo seed 0012, spec sections 8.1-8.9)",,,supabase/migrations/0012_module8_benchmark_seed.sql,section 7 FHIP Planning Benchmark v1.0 target ranges,
essential_expense_ratio,FHIP_PLANNING_V1,,,,needs_attention,2,60,75,target_range,Essential expenses use a large share of net income.,research_informed,fhip-planning-1.0.0,,,FHIP11-0014,"FHIP Planning Benchmarks v1.0 (repo seed 0012, spec sections 8.1-8.9)",,,supabase/migrations/0012_module8_benchmark_seed.sql,section 7 FHIP Planning Benchmark v1.0 target ranges,
essential_expense_ratio,FHIP_PLANNING_V1,,,,healthy,3,45,60,target_range,A generally healthy essential expense ratio.,research_informed,fhip-planning-1.0.0,,,FHIP11-0015,"FHIP Planning Benchmarks v1.0 (repo seed 0012, spec sections 8.1-8.9)",,,supabase/migrations/0012_module8_benchmark_seed.sql,section 7 FHIP Planning Benchmark v1.0 target ranges,
essential_expense_ratio,FHIP_PLANNING_V1,,,,strong,4,,45,target_range,Essential expenses leave substantial flexibility.,research_informed,fhip-planning-1.0.0,,,FHIP11-0016,"FHIP Planning Benchmarks v1.0 (repo seed 0012, spec sections 8.1-8.9)",,,supabase/migrations/0012_module8_benchmark_seed.sql,section 7 FHIP Planning Benchmark v1.0 target ranges,
housing_cost_ratio,FHIP_PLANNING_V1,,,,critical,1,40,,target_range,Housing costs commonly associated with housing stress for lower-income households — read alongside income level and tenure.,research_informed,fhip-planning-1.0.0,,,FHIP11-0017,"FHIP Planning Benchmarks v1.0 (repo seed 0012, spec sections 8.1-8.9)",,,supabase/migrations/0012_module8_benchmark_seed.sql,section 7 FHIP Planning Benchmark v1.0 target ranges,
housing_cost_ratio,FHIP_PLANNING_V1,,,,needs_attention,2,30,40,target_range,A high housing-cost ratio.,research_informed,fhip-planning-1.0.0,,,FHIP11-0018,"FHIP Planning Benchmarks v1.0 (repo seed 0012, spec sections 8.1-8.9)",,,supabase/migrations/0012_module8_benchmark_seed.sql,section 7 FHIP Planning Benchmark v1.0 target ranges,
housing_cost_ratio,FHIP_PLANNING_V1,,,,healthy,3,20,30,target_range,A generally healthy housing-cost ratio.,research_informed,fhip-planning-1.0.0,,,FHIP11-0019,"FHIP Planning Benchmarks v1.0 (repo seed 0012, spec sections 8.1-8.9)",,,supabase/migrations/0012_module8_benchmark_seed.sql,section 7 FHIP Planning Benchmark v1.0 target ranges,
housing_cost_ratio,FHIP_PLANNING_V1,,,,strong,4,,20,target_range,A low housing-cost ratio.,research_informed,fhip-planning-1.0.0,,,FHIP11-0020,"FHIP Planning Benchmarks v1.0 (repo seed 0012, spec sections 8.1-8.9)",,,supabase/migrations/0012_module8_benchmark_seed.sql,section 7 FHIP Planning Benchmark v1.0 target ranges,
fixed_commitment_ratio,FHIP_PLANNING_V1,,,,critical,1,75,,target_range,Fixed commitments use most of net income.,research_informed,fhip-planning-1.0.0,,,FHIP11-0021,"FHIP Planning Benchmarks v1.0 (repo seed 0012, spec sections 8.1-8.9)",,,supabase/migrations/0012_module8_benchmark_seed.sql,section 7 FHIP Planning Benchmark v1.0 target ranges,
fixed_commitment_ratio,FHIP_PLANNING_V1,,,,needs_attention,2,60,75,target_range,Fixed commitments use a large share of net income.,research_informed,fhip-planning-1.0.0,,,FHIP11-0022,"FHIP Planning Benchmarks v1.0 (repo seed 0012, spec sections 8.1-8.9)",,,supabase/migrations/0012_module8_benchmark_seed.sql,section 7 FHIP Planning Benchmark v1.0 target ranges,
fixed_commitment_ratio,FHIP_PLANNING_V1,,,,healthy,3,45,60,target_range,A generally healthy fixed-commitment ratio.,research_informed,fhip-planning-1.0.0,,,FHIP11-0023,"FHIP Planning Benchmarks v1.0 (repo seed 0012, spec sections 8.1-8.9)",,,supabase/migrations/0012_module8_benchmark_seed.sql,section 7 FHIP Planning Benchmark v1.0 target ranges,
fixed_commitment_ratio,FHIP_PLANNING_V1,,,,strong,4,,45,target_range,A low fixed-commitment ratio.,research_informed,fhip-planning-1.0.0,,,FHIP11-0024,"FHIP Planning Benchmarks v1.0 (repo seed 0012, spec sections 8.1-8.9)",,,supabase/migrations/0012_module8_benchmark_seed.sql,section 7 FHIP Planning Benchmark v1.0 target ranges,
positive_cashflow_consistency,FHIP_PLANNING_V1,,,,critical,1,,50,target_range,Six or fewer of the last 12 months had a positive surplus.,research_informed,fhip-planning-1.0.0,,,FHIP11-0025,"FHIP Planning Benchmarks v1.0 (repo seed 0012, spec sections 8.1-8.9)",,,supabase/migrations/0012_module8_benchmark_seed.sql,section 7 FHIP Planning Benchmark v1.0 target ranges,
positive_cashflow_consistency,FHIP_PLANNING_V1,,,,needs_attention,2,50,75,target_range,Seven to nine of the last 12 months had a positive surplus.,research_informed,fhip-planning-1.0.0,,,FHIP11-0026,"FHIP Planning Benchmarks v1.0 (repo seed 0012, spec sections 8.1-8.9)",,,supabase/migrations/0012_module8_benchmark_seed.sql,section 7 FHIP Planning Benchmark v1.0 target ranges,
positive_cashflow_consistency,FHIP_PLANNING_V1,,,,healthy,3,75,91.7,target_range,Ten to eleven of the last 12 months had a positive surplus.,research_informed,fhip-planning-1.0.0,,,FHIP11-0027,"FHIP Planning Benchmarks v1.0 (repo seed 0012, spec sections 8.1-8.9)",,,supabase/migrations/0012_module8_benchmark_seed.sql,section 7 FHIP Planning Benchmark v1.0 target ranges,
positive_cashflow_consistency,FHIP_PLANNING_V1,,,,strong,4,91.7,,target_range,Every one of the last 12 months had a positive surplus.,research_informed,fhip-planning-1.0.0,,,FHIP11-0028,"FHIP Planning Benchmarks v1.0 (repo seed 0012, spec sections 8.1-8.9)",,,supabase/migrations/0012_module8_benchmark_seed.sql,section 7 FHIP Planning Benchmark v1.0 target ranges,
discretionary_expense_ratio,FHIP_PLANNING_V1,,,,critical,1,30,,target_range,A very high discretionary spending share — subject to lifestyle goals.,research_informed,fhip-planning-1.0.0,,,FHIP11-0029,"FHIP Planning Benchmarks v1.0 (repo seed 0012, spec sections 8.1-8.9)",,,supabase/migrations/0012_module8_benchmark_seed.sql,section 7 FHIP Planning Benchmark v1.0 target ranges,
discretionary_expense_ratio,FHIP_PLANNING_V1,,,,needs_attention,2,20,30,target_range,A high discretionary spending share.,research_informed,fhip-planning-1.0.0,,,FHIP11-0030,"FHIP Planning Benchmarks v1.0 (repo seed 0012, spec sections 8.1-8.9)",,,supabase/migrations/0012_module8_benchmark_seed.sql,section 7 FHIP Planning Benchmark v1.0 target ranges,
discretionary_expense_ratio,FHIP_PLANNING_V1,,,,healthy,3,10,20,target_range,A generally healthy discretionary spending share.,research_informed,fhip-planning-1.0.0,,,FHIP11-0031,"FHIP Planning Benchmarks v1.0 (repo seed 0012, spec sections 8.1-8.9)",,,supabase/migrations/0012_module8_benchmark_seed.sql,section 7 FHIP Planning Benchmark v1.0 target ranges,
discretionary_expense_ratio,FHIP_PLANNING_V1,,,,strong,4,,10,target_range,"A low discretionary spending share, subject to lifestyle goals.",research_informed,fhip-planning-1.0.0,,,FHIP11-0032,"FHIP Planning Benchmarks v1.0 (repo seed 0012, spec sections 8.1-8.9)",,,supabase/migrations/0012_module8_benchmark_seed.sql,section 7 FHIP Planning Benchmark v1.0 target ranges,
emergency_fund_months,FHIP_PLANNING_V1,,,,critical,1,,1,target_range,Less than one month of essential-expense coverage.,research_informed,fhip-planning-1.0.0,,,FHIP11-0033,"FHIP Planning Benchmarks v1.0 (repo seed 0012, spec sections 8.1-8.9)",,,supabase/migrations/0012_module8_benchmark_seed.sql,section 7 FHIP Planning Benchmark v1.0 target ranges,
emergency_fund_months,FHIP_PLANNING_V1,,,,vulnerable,2,1,2.9,target_range,One to under three months of coverage.,research_informed,fhip-planning-1.0.0,,,FHIP11-0034,"FHIP Planning Benchmarks v1.0 (repo seed 0012, spec sections 8.1-8.9)",,,supabase/migrations/0012_module8_benchmark_seed.sql,section 7 FHIP Planning Benchmark v1.0 target ranges,
emergency_fund_months,FHIP_PLANNING_V1,,,,adequate,3,3,5.9,target_range,Three to under six months of coverage.,research_informed,fhip-planning-1.0.0,,,FHIP11-0035,"FHIP Planning Benchmarks v1.0 (repo seed 0012, spec sections 8.1-8.9)",,,supabase/migrations/0012_module8_benchmark_seed.sql,section 7 FHIP Planning Benchmark v1.0 target ranges,
emergency_fund_months,FHIP_PLANNING_V1,,,,strong,4,6,12,target_range,Six to twelve months of coverage — personalise for dual-income vs single-income vs self-employed households.,research_informed,fhip-planning-1.0.0,,,FHIP11-0036,"FHIP Planning Benchmarks v1.0 (repo seed 0012, spec sections 8.1-8.9)",,,supabase/migrations/0012_module8_benchmark_seed.sql,section 7 FHIP Planning Benchmark v1.0 target ranges,
immediate_liquidity_ratio,FHIP_PLANNING_V1,,,,critical,1,,1,target_range,Immediately accessible assets don't cover 30-day obligations.,research_informed,fhip-planning-1.0.0,,,FHIP11-0037,"FHIP Planning Benchmarks v1.0 (repo seed 0012, spec sections 8.1-8.9)",,,supabase/migrations/0012_module8_benchmark_seed.sql,section 7 FHIP Planning Benchmark v1.0 target ranges,
immediate_liquidity_ratio,FHIP_PLANNING_V1,,,,vulnerable,2,1,1.24,target_range,A thin immediate liquidity buffer.,research_informed,fhip-planning-1.0.0,,,FHIP11-0038,"FHIP Planning Benchmarks v1.0 (repo seed 0012, spec sections 8.1-8.9)",,,supabase/migrations/0012_module8_benchmark_seed.sql,section 7 FHIP Planning Benchmark v1.0 target ranges,
immediate_liquidity_ratio,FHIP_PLANNING_V1,,,,adequate,3,1.25,1.99,target_range,An adequate immediate liquidity buffer.,research_informed,fhip-planning-1.0.0,,,FHIP11-0039,"FHIP Planning Benchmarks v1.0 (repo seed 0012, spec sections 8.1-8.9)",,,supabase/migrations/0012_module8_benchmark_seed.sql,section 7 FHIP Planning Benchmark v1.0 target ranges,
immediate_liquidity_ratio,FHIP_PLANNING_V1,,,,strong,4,2,,target_range,A strong immediate liquidity buffer.,research_informed,fhip-planning-1.0.0,,,FHIP11-0040,"FHIP Planning Benchmarks v1.0 (repo seed 0012, spec sections 8.1-8.9)",,,supabase/migrations/0012_module8_benchmark_seed.sql,section 7 FHIP Planning Benchmark v1.0 target ranges,
near_liquid_coverage,FHIP_PLANNING_V1,,,,critical,1,,3,target_range,Less than three months of short-term coverage.,research_informed,fhip-planning-1.0.0,,,FHIP11-0041,"FHIP Planning Benchmarks v1.0 (repo seed 0012, spec sections 8.1-8.9)",,,supabase/migrations/0012_module8_benchmark_seed.sql,section 7 FHIP Planning Benchmark v1.0 target ranges,
near_liquid_coverage,FHIP_PLANNING_V1,,,,vulnerable,2,3,5.9,target_range,Three to under six months of short-term coverage.,research_informed,fhip-planning-1.0.0,,,FHIP11-0042,"FHIP Planning Benchmarks v1.0 (repo seed 0012, spec sections 8.1-8.9)",,,supabase/migrations/0012_module8_benchmark_seed.sql,section 7 FHIP Planning Benchmark v1.0 target ranges,
near_liquid_coverage,FHIP_PLANNING_V1,,,,adequate,3,6,11.9,target_range,Six to under twelve months of short-term coverage.,research_informed,fhip-planning-1.0.0,,,FHIP11-0043,"FHIP Planning Benchmarks v1.0 (repo seed 0012, spec sections 8.1-8.9)",,,supabase/migrations/0012_module8_benchmark_seed.sql,section 7 FHIP Planning Benchmark v1.0 target ranges,
near_liquid_coverage,FHIP_PLANNING_V1,,,,strong,4,12,,target_range,Twelve months or more of short-term coverage.,research_informed,fhip-planning-1.0.0,,,FHIP11-0044,"FHIP Planning Benchmarks v1.0 (repo seed 0012, spec sections 8.1-8.9)",,,supabase/migrations/0012_module8_benchmark_seed.sql,section 7 FHIP Planning Benchmark v1.0 target ranges,
income_interruption_coverage,FHIP_PLANNING_V1,,,,critical,1,,3,target_range,Less than three months of coverage during an income interruption.,research_informed,fhip-planning-1.0.0,,,FHIP11-0045,"FHIP Planning Benchmarks v1.0 (repo seed 0012, spec sections 8.1-8.9)",,,supabase/migrations/0012_module8_benchmark_seed.sql,section 7 FHIP Planning Benchmark v1.0 target ranges,
income_interruption_coverage,FHIP_PLANNING_V1,,,,vulnerable,2,3,5.9,target_range,Three to under six months of coverage.,research_informed,fhip-planning-1.0.0,,,FHIP11-0046,"FHIP Planning Benchmarks v1.0 (repo seed 0012, spec sections 8.1-8.9)",,,supabase/migrations/0012_module8_benchmark_seed.sql,section 7 FHIP Planning Benchmark v1.0 target ranges,
income_interruption_coverage,FHIP_PLANNING_V1,,,,adequate,3,6,11.9,target_range,Six to under twelve months of coverage.,research_informed,fhip-planning-1.0.0,,,FHIP11-0047,"FHIP Planning Benchmarks v1.0 (repo seed 0012, spec sections 8.1-8.9)",,,supabase/migrations/0012_module8_benchmark_seed.sql,section 7 FHIP Planning Benchmark v1.0 target ranges,
income_interruption_coverage,FHIP_PLANNING_V1,,,,strong,4,12,,target_range,Twelve months or more of coverage.,research_informed,fhip-planning-1.0.0,,,FHIP11-0048,"FHIP Planning Benchmarks v1.0 (repo seed 0012, spec sections 8.1-8.9)",,,supabase/migrations/0012_module8_benchmark_seed.sql,section 7 FHIP Planning Benchmark v1.0 target ranges,
income_concentration,FHIP_PLANNING_V1,,,,critical,1,90,,target_range,A single income source provides nearly all household income.,research_informed,fhip-planning-1.0.0,,,FHIP11-0049,"FHIP Planning Benchmarks v1.0 (repo seed 0012, spec sections 8.1-8.9)",,,supabase/migrations/0012_module8_benchmark_seed.sql,section 7 FHIP Planning Benchmark v1.0 target ranges,
income_concentration,FHIP_PLANNING_V1,,,,vulnerable,2,75,90,target_range,A high reliance on a single income source.,research_informed,fhip-planning-1.0.0,,,FHIP11-0050,"FHIP Planning Benchmarks v1.0 (repo seed 0012, spec sections 8.1-8.9)",,,supabase/migrations/0012_module8_benchmark_seed.sql,section 7 FHIP Planning Benchmark v1.0 target ranges,
income_concentration,FHIP_PLANNING_V1,,,,adequate,3,50,75,target_range,A moderate reliance on a single income source.,research_informed,fhip-planning-1.0.0,,,FHIP11-0051,"FHIP Planning Benchmarks v1.0 (repo seed 0012, spec sections 8.1-8.9)",,,supabase/migrations/0012_module8_benchmark_seed.sql,section 7 FHIP Planning Benchmark v1.0 target ranges,
income_concentration,FHIP_PLANNING_V1,,,,strong,4,,50,target_range,Income is reasonably spread across sources.,research_informed,fhip-planning-1.0.0,,,FHIP11-0052,"FHIP Planning Benchmarks v1.0 (repo seed 0012, spec sections 8.1-8.9)",,,supabase/migrations/0012_module8_benchmark_seed.sql,section 7 FHIP Planning Benchmark v1.0 target ranges,
passive_income_ratio,FHIP_PLANNING_V1,,,,critical,1,,5,target_range,Passive income covers very little of essential expenses (approximation).,research_informed,fhip-planning-1.0.0,,,FHIP11-0053,"FHIP Planning Benchmarks v1.0 (repo seed 0012, spec sections 8.1-8.9)",,,supabase/migrations/0012_module8_benchmark_seed.sql,section 7 FHIP Planning Benchmark v1.0 target ranges,
passive_income_ratio,FHIP_PLANNING_V1,,,,vulnerable,2,5,19.9,target_range,Passive income covers a modest share (approximation).,research_informed,fhip-planning-1.0.0,,,FHIP11-0054,"FHIP Planning Benchmarks v1.0 (repo seed 0012, spec sections 8.1-8.9)",,,supabase/migrations/0012_module8_benchmark_seed.sql,section 7 FHIP Planning Benchmark v1.0 target ranges,
passive_income_ratio,FHIP_PLANNING_V1,,,,adequate,3,20,49.9,target_range,Passive income covers a meaningful share (approximation).,research_informed,fhip-planning-1.0.0,,,FHIP11-0055,"FHIP Planning Benchmarks v1.0 (repo seed 0012, spec sections 8.1-8.9)",,,supabase/migrations/0012_module8_benchmark_seed.sql,section 7 FHIP Planning Benchmark v1.0 target ranges,
passive_income_ratio,FHIP_PLANNING_V1,,,,strong,4,50,,target_range,Passive income covers half or more of income (approximation).,research_informed,fhip-planning-1.0.0,,,FHIP11-0056,"FHIP Planning Benchmarks v1.0 (repo seed 0012, spec sections 8.1-8.9)",,,supabase/migrations/0012_module8_benchmark_seed.sql,section 7 FHIP Planning Benchmark v1.0 target ranges,
debt_service_ratio,FHIP_PLANNING_V1,,,,high_risk,1,40,,target_range,Debt repayments use 40% or more of net income.,research_informed,fhip-planning-1.0.0,,,FHIP11-0057,"FHIP Planning Benchmarks v1.0 (repo seed 0012, spec sections 8.1-8.9)",,,supabase/migrations/0012_module8_benchmark_seed.sql,section 7 FHIP Planning Benchmark v1.0 target ranges,
debt_service_ratio,FHIP_PLANNING_V1,,,,elevated,2,30,39.9,target_range,An elevated debt-service ratio.,research_informed,fhip-planning-1.0.0,,,FHIP11-0058,"FHIP Planning Benchmarks v1.0 (repo seed 0012, spec sections 8.1-8.9)",,,supabase/migrations/0012_module8_benchmark_seed.sql,section 7 FHIP Planning Benchmark v1.0 target ranges,
debt_service_ratio,FHIP_PLANNING_V1,,,,manageable,3,20,29.9,target_range,A manageable debt-service ratio.,research_informed,fhip-planning-1.0.0,,,FHIP11-0059,"FHIP Planning Benchmarks v1.0 (repo seed 0012, spec sections 8.1-8.9)",,,supabase/migrations/0012_module8_benchmark_seed.sql,section 7 FHIP Planning Benchmark v1.0 target ranges,
debt_service_ratio,FHIP_PLANNING_V1,,,,strong,4,,20,target_range,"A low, strong debt-service ratio.",research_informed,fhip-planning-1.0.0,,,FHIP11-0060,"FHIP Planning Benchmarks v1.0 (repo seed 0012, spec sections 8.1-8.9)",,,supabase/migrations/0012_module8_benchmark_seed.sql,section 7 FHIP Planning Benchmark v1.0 target ranges,
debt_to_income,FHIP_PLANNING_V1,,,,high_risk,1,6,,target_range,Total debt is six times gross income or more — the same threshold APRA uses to classify high-DTI mortgage lending.,research_informed,fhip-planning-1.0.0,,,FHIP11-0061,"FHIP Planning Benchmarks v1.0 (repo seed 0012, spec sections 8.1-8.9)",,,supabase/migrations/0012_module8_benchmark_seed.sql,section 7 FHIP Planning Benchmark v1.0 target ranges,
debt_to_income,FHIP_PLANNING_V1,,,,elevated,2,4,5.99,target_range,An elevated debt-to-income ratio.,research_informed,fhip-planning-1.0.0,,,FHIP11-0062,"FHIP Planning Benchmarks v1.0 (repo seed 0012, spec sections 8.1-8.9)",,,supabase/migrations/0012_module8_benchmark_seed.sql,section 7 FHIP Planning Benchmark v1.0 target ranges,
debt_to_income,FHIP_PLANNING_V1,,,,manageable,3,2,3.99,target_range,A manageable debt-to-income ratio.,research_informed,fhip-planning-1.0.0,,,FHIP11-0063,"FHIP Planning Benchmarks v1.0 (repo seed 0012, spec sections 8.1-8.9)",,,supabase/migrations/0012_module8_benchmark_seed.sql,section 7 FHIP Planning Benchmark v1.0 target ranges,
debt_to_income,FHIP_PLANNING_V1,,,,strong,4,,2,target_range,"A low, strong debt-to-income ratio.",research_informed,fhip-planning-1.0.0,,,FHIP11-0064,"FHIP Planning Benchmarks v1.0 (repo seed 0012, spec sections 8.1-8.9)",,,supabase/migrations/0012_module8_benchmark_seed.sql,section 7 FHIP Planning Benchmark v1.0 target ranges,
unsecured_debt_ratio,FHIP_PLANNING_V1,,,,high_risk,1,30,,target_range,Unsecured debt is 30% or more of annual net income.,research_informed,fhip-planning-1.0.0,,,FHIP11-0065,"FHIP Planning Benchmarks v1.0 (repo seed 0012, spec sections 8.1-8.9)",,,supabase/migrations/0012_module8_benchmark_seed.sql,section 7 FHIP Planning Benchmark v1.0 target ranges,
unsecured_debt_ratio,FHIP_PLANNING_V1,,,,elevated,2,15,29.9,target_range,An elevated unsecured-debt ratio.,research_informed,fhip-planning-1.0.0,,,FHIP11-0066,"FHIP Planning Benchmarks v1.0 (repo seed 0012, spec sections 8.1-8.9)",,,supabase/migrations/0012_module8_benchmark_seed.sql,section 7 FHIP Planning Benchmark v1.0 target ranges,
unsecured_debt_ratio,FHIP_PLANNING_V1,,,,manageable,3,5,14.9,target_range,A manageable unsecured-debt ratio.,research_informed,fhip-planning-1.0.0,,,FHIP11-0067,"FHIP Planning Benchmarks v1.0 (repo seed 0012, spec sections 8.1-8.9)",,,supabase/migrations/0012_module8_benchmark_seed.sql,section 7 FHIP Planning Benchmark v1.0 target ranges,
unsecured_debt_ratio,FHIP_PLANNING_V1,,,,strong,4,,5,target_range,A low unsecured-debt ratio.,research_informed,fhip-planning-1.0.0,,,FHIP11-0068,"FHIP Planning Benchmarks v1.0 (repo seed 0012, spec sections 8.1-8.9)",,,supabase/migrations/0012_module8_benchmark_seed.sql,section 7 FHIP Planning Benchmark v1.0 target ranges,
high_interest_debt_share,FHIP_PLANNING_V1,,,,high_risk,1,25,,target_range,A quarter or more of total debt is high-interest.,research_informed,fhip-planning-1.0.0,,,FHIP11-0069,"FHIP Planning Benchmarks v1.0 (repo seed 0012, spec sections 8.1-8.9)",,,supabase/migrations/0012_module8_benchmark_seed.sql,section 7 FHIP Planning Benchmark v1.0 target ranges,
high_interest_debt_share,FHIP_PLANNING_V1,,,,elevated,2,10,24.9,target_range,An elevated high-interest debt share.,research_informed,fhip-planning-1.0.0,,,FHIP11-0070,"FHIP Planning Benchmarks v1.0 (repo seed 0012, spec sections 8.1-8.9)",,,supabase/migrations/0012_module8_benchmark_seed.sql,section 7 FHIP Planning Benchmark v1.0 target ranges,
high_interest_debt_share,FHIP_PLANNING_V1,,,,manageable,3,0.01,9.9,target_range,A small high-interest debt share.,research_informed,fhip-planning-1.0.0,,,FHIP11-0071,"FHIP Planning Benchmarks v1.0 (repo seed 0012, spec sections 8.1-8.9)",,,supabase/migrations/0012_module8_benchmark_seed.sql,section 7 FHIP Planning Benchmark v1.0 target ranges,
high_interest_debt_share,FHIP_PLANNING_V1,,,,strong,4,0,0,target_range,No high-interest debt recorded.,research_informed,fhip-planning-1.0.0,,,FHIP11-0072,"FHIP Planning Benchmarks v1.0 (repo seed 0012, spec sections 8.1-8.9)",,,supabase/migrations/0012_module8_benchmark_seed.sql,section 7 FHIP Planning Benchmark v1.0 target ranges,
credit_utilization,FHIP_PLANNING_V1,,,,high_risk,1,50,,target_range,Revolving credit utilisation is 50% or more.,research_informed,fhip-planning-1.0.0,,,FHIP11-0073,"FHIP Planning Benchmarks v1.0 (repo seed 0012, spec sections 8.1-8.9)",,,supabase/migrations/0012_module8_benchmark_seed.sql,section 7 FHIP Planning Benchmark v1.0 target ranges,
credit_utilization,FHIP_PLANNING_V1,,,,elevated,2,30,49.9,target_range,An elevated credit-utilisation level.,research_informed,fhip-planning-1.0.0,,,FHIP11-0074,"FHIP Planning Benchmarks v1.0 (repo seed 0012, spec sections 8.1-8.9)",,,supabase/migrations/0012_module8_benchmark_seed.sql,section 7 FHIP Planning Benchmark v1.0 target ranges,
credit_utilization,FHIP_PLANNING_V1,,,,manageable,3,10,29.9,target_range,A manageable credit-utilisation level.,research_informed,fhip-planning-1.0.0,,,FHIP11-0075,"FHIP Planning Benchmarks v1.0 (repo seed 0012, spec sections 8.1-8.9)",,,supabase/migrations/0012_module8_benchmark_seed.sql,section 7 FHIP Planning Benchmark v1.0 target ranges,
credit_utilization,FHIP_PLANNING_V1,,,,strong,4,,10,target_range,A low credit-utilisation level.,research_informed,fhip-planning-1.0.0,,,FHIP11-0076,"FHIP Planning Benchmarks v1.0 (repo seed 0012, spec sections 8.1-8.9)",,,supabase/migrations/0012_module8_benchmark_seed.sql,section 7 FHIP Planning Benchmark v1.0 target ranges,
home_loan_lvr,FHIP_PLANNING_V1,,,,high_risk,1,90,,target_range,A very high loan-to-value ratio.,research_informed,fhip-planning-1.0.0,,,FHIP11-0077,"FHIP Planning Benchmarks v1.0 (repo seed 0012, spec sections 8.1-8.9)",,,supabase/migrations/0012_module8_benchmark_seed.sql,section 7 FHIP Planning Benchmark v1.0 target ranges,
home_loan_lvr,FHIP_PLANNING_V1,,,,elevated,2,80,89.9,target_range,An elevated loan-to-value ratio.,research_informed,fhip-planning-1.0.0,,,FHIP11-0078,"FHIP Planning Benchmarks v1.0 (repo seed 0012, spec sections 8.1-8.9)",,,supabase/migrations/0012_module8_benchmark_seed.sql,section 7 FHIP Planning Benchmark v1.0 target ranges,
home_loan_lvr,FHIP_PLANNING_V1,,,,manageable,3,60,79.9,target_range,A manageable loan-to-value ratio.,research_informed,fhip-planning-1.0.0,,,FHIP11-0079,"FHIP Planning Benchmarks v1.0 (repo seed 0012, spec sections 8.1-8.9)",,,supabase/migrations/0012_module8_benchmark_seed.sql,section 7 FHIP Planning Benchmark v1.0 target ranges,
home_loan_lvr,FHIP_PLANNING_V1,,,,strong,4,,60,target_range,"A low, strong loan-to-value ratio.",research_informed,fhip-planning-1.0.0,,,FHIP11-0080,"FHIP Planning Benchmarks v1.0 (repo seed 0012, spec sections 8.1-8.9)",,,supabase/migrations/0012_module8_benchmark_seed.sql,section 7 FHIP Planning Benchmark v1.0 target ranges,
variable_rate_exposure,FHIP_PLANNING_V1,,,,high_risk,1,75,,target_range,Three-quarters or more of rate-classified debt is variable-rate.,research_informed,fhip-planning-1.0.0,,,FHIP11-0081,"FHIP Planning Benchmarks v1.0 (repo seed 0012, spec sections 8.1-8.9)",,,supabase/migrations/0012_module8_benchmark_seed.sql,section 7 FHIP Planning Benchmark v1.0 target ranges,
variable_rate_exposure,FHIP_PLANNING_V1,,,,elevated,2,50,74.9,target_range,An elevated variable-rate exposure.,research_informed,fhip-planning-1.0.0,,,FHIP11-0082,"FHIP Planning Benchmarks v1.0 (repo seed 0012, spec sections 8.1-8.9)",,,supabase/migrations/0012_module8_benchmark_seed.sql,section 7 FHIP Planning Benchmark v1.0 target ranges,
variable_rate_exposure,FHIP_PLANNING_V1,,,,manageable,3,25,49.9,target_range,A moderate variable-rate exposure.,research_informed,fhip-planning-1.0.0,,,FHIP11-0083,"FHIP Planning Benchmarks v1.0 (repo seed 0012, spec sections 8.1-8.9)",,,supabase/migrations/0012_module8_benchmark_seed.sql,section 7 FHIP Planning Benchmark v1.0 target ranges,
variable_rate_exposure,FHIP_PLANNING_V1,,,,strong,4,,25,target_range,A low variable-rate exposure.,research_informed,fhip-planning-1.0.0,,,FHIP11-0084,"FHIP Planning Benchmarks v1.0 (repo seed 0012, spec sections 8.1-8.9)",,,supabase/migrations/0012_module8_benchmark_seed.sql,section 7 FHIP Planning Benchmark v1.0 target ranges,
refinance_exposure_24m,FHIP_PLANNING_V1,,,,high_risk,1,50,,target_range,Half or more of total debt is due or resetting soon.,research_informed,fhip-planning-1.0.0,,,FHIP11-0085,"FHIP Planning Benchmarks v1.0 (repo seed 0012, spec sections 8.1-8.9)",,,supabase/migrations/0012_module8_benchmark_seed.sql,section 7 FHIP Planning Benchmark v1.0 target ranges,
refinance_exposure_24m,FHIP_PLANNING_V1,,,,elevated,2,25,49.9,target_range,An elevated near-term refinance exposure.,research_informed,fhip-planning-1.0.0,,,FHIP11-0086,"FHIP Planning Benchmarks v1.0 (repo seed 0012, spec sections 8.1-8.9)",,,supabase/migrations/0012_module8_benchmark_seed.sql,section 7 FHIP Planning Benchmark v1.0 target ranges,
refinance_exposure_24m,FHIP_PLANNING_V1,,,,manageable,3,10,24.9,target_range,A moderate near-term refinance exposure.,research_informed,fhip-planning-1.0.0,,,FHIP11-0087,"FHIP Planning Benchmarks v1.0 (repo seed 0012, spec sections 8.1-8.9)",,,supabase/migrations/0012_module8_benchmark_seed.sql,section 7 FHIP Planning Benchmark v1.0 target ranges,
refinance_exposure_24m,FHIP_PLANNING_V1,,,,strong,4,,10,target_range,A low near-term refinance exposure.,research_informed,fhip-planning-1.0.0,,,FHIP11-0088,"FHIP Planning Benchmarks v1.0 (repo seed 0012, spec sections 8.1-8.9)",,,supabase/migrations/0012_module8_benchmark_seed.sql,section 7 FHIP Planning Benchmark v1.0 target ranges,
liquid_asset_share,FHIP_PLANNING_V1,,,,low_concern,1,,5,target_range,A very low liquid-asset share.,research_informed,fhip-planning-1.0.0,,,FHIP11-0089,"FHIP Planning Benchmarks v1.0 (repo seed 0012, spec sections 8.1-8.9)",,,supabase/migrations/0012_module8_benchmark_seed.sql,section 7 FHIP Planning Benchmark v1.0 target ranges,
liquid_asset_share,FHIP_PLANNING_V1,,,,developing,2,5,14.9,target_range,A developing liquid-asset share.,research_informed,fhip-planning-1.0.0,,,FHIP11-0090,"FHIP Planning Benchmarks v1.0 (repo seed 0012, spec sections 8.1-8.9)",,,supabase/migrations/0012_module8_benchmark_seed.sql,section 7 FHIP Planning Benchmark v1.0 target ranges,
liquid_asset_share,FHIP_PLANNING_V1,,,,balanced,3,15,29.9,target_range,A generally balanced liquid-asset share.,research_informed,fhip-planning-1.0.0,,,FHIP11-0091,"FHIP Planning Benchmarks v1.0 (repo seed 0012, spec sections 8.1-8.9)",,,supabase/migrations/0012_module8_benchmark_seed.sql,section 7 FHIP Planning Benchmark v1.0 target ranges,
liquid_asset_share,FHIP_PLANNING_V1,,,,strong,4,30,,target_range,A strong liquid-asset share.,research_informed,fhip-planning-1.0.0,,,FHIP11-0092,"FHIP Planning Benchmarks v1.0 (repo seed 0012, spec sections 8.1-8.9)",,,supabase/migrations/0012_module8_benchmark_seed.sql,section 7 FHIP Planning Benchmark v1.0 target ranges,
investable_assets_ratio,FHIP_PLANNING_V1,,,,low_concern,1,,10,target_range,A low investable-assets ratio.,research_informed,fhip-planning-1.0.0,,,FHIP11-0093,"FHIP Planning Benchmarks v1.0 (repo seed 0012, spec sections 8.1-8.9)",,,supabase/migrations/0012_module8_benchmark_seed.sql,section 7 FHIP Planning Benchmark v1.0 target ranges,
investable_assets_ratio,FHIP_PLANNING_V1,,,,developing,2,10,24.9,target_range,A developing investable-assets ratio.,research_informed,fhip-planning-1.0.0,,,FHIP11-0094,"FHIP Planning Benchmarks v1.0 (repo seed 0012, spec sections 8.1-8.9)",,,supabase/migrations/0012_module8_benchmark_seed.sql,section 7 FHIP Planning Benchmark v1.0 target ranges,
investable_assets_ratio,FHIP_PLANNING_V1,,,,balanced,3,25,49.9,target_range,A generally balanced investable-assets ratio.,research_informed,fhip-planning-1.0.0,,,FHIP11-0095,"FHIP Planning Benchmarks v1.0 (repo seed 0012, spec sections 8.1-8.9)",,,supabase/migrations/0012_module8_benchmark_seed.sql,section 7 FHIP Planning Benchmark v1.0 target ranges,
investable_assets_ratio,FHIP_PLANNING_V1,,,,strong,4,50,,target_range,A strong investable-assets ratio.,research_informed,fhip-planning-1.0.0,,,FHIP11-0096,"FHIP Planning Benchmarks v1.0 (repo seed 0012, spec sections 8.1-8.9)",,,supabase/migrations/0012_module8_benchmark_seed.sql,section 7 FHIP Planning Benchmark v1.0 target ranges,
productive_asset_ratio,FHIP_PLANNING_V1,,,,low_concern,1,,40,target_range,A low productive-asset ratio.,research_informed,fhip-planning-1.0.0,,,FHIP11-0097,"FHIP Planning Benchmarks v1.0 (repo seed 0012, spec sections 8.1-8.9)",,,supabase/migrations/0012_module8_benchmark_seed.sql,section 7 FHIP Planning Benchmark v1.0 target ranges,
productive_asset_ratio,FHIP_PLANNING_V1,,,,developing,2,40,59.9,target_range,A developing productive-asset ratio.,research_informed,fhip-planning-1.0.0,,,FHIP11-0098,"FHIP Planning Benchmarks v1.0 (repo seed 0012, spec sections 8.1-8.9)",,,supabase/migrations/0012_module8_benchmark_seed.sql,section 7 FHIP Planning Benchmark v1.0 target ranges,
productive_asset_ratio,FHIP_PLANNING_V1,,,,balanced,3,60,79.9,target_range,A generally balanced productive-asset ratio.,research_informed,fhip-planning-1.0.0,,,FHIP11-0099,"FHIP Planning Benchmarks v1.0 (repo seed 0012, spec sections 8.1-8.9)",,,supabase/migrations/0012_module8_benchmark_seed.sql,section 7 FHIP Planning Benchmark v1.0 target ranges,
productive_asset_ratio,FHIP_PLANNING_V1,,,,strong,4,80,,target_range,A strong productive-asset ratio.,research_informed,fhip-planning-1.0.0,,,FHIP11-0100,"FHIP Planning Benchmarks v1.0 (repo seed 0012, spec sections 8.1-8.9)",,,supabase/migrations/0012_module8_benchmark_seed.sql,section 7 FHIP Planning Benchmark v1.0 target ranges,
depreciating_asset_ratio,FHIP_PLANNING_V1,,,,low_concern,1,25,,target_range,A high depreciating-asset ratio.,research_informed,fhip-planning-1.0.0,,,FHIP11-0101,"FHIP Planning Benchmarks v1.0 (repo seed 0012, spec sections 8.1-8.9)",,,supabase/migrations/0012_module8_benchmark_seed.sql,section 7 FHIP Planning Benchmark v1.0 target ranges,
depreciating_asset_ratio,FHIP_PLANNING_V1,,,,developing,2,15,25,target_range,An elevated depreciating-asset ratio.,research_informed,fhip-planning-1.0.0,,,FHIP11-0102,"FHIP Planning Benchmarks v1.0 (repo seed 0012, spec sections 8.1-8.9)",,,supabase/migrations/0012_module8_benchmark_seed.sql,section 7 FHIP Planning Benchmark v1.0 target ranges,
depreciating_asset_ratio,FHIP_PLANNING_V1,,,,balanced,3,5,14.9,target_range,A generally balanced depreciating-asset ratio.,research_informed,fhip-planning-1.0.0,,,FHIP11-0103,"FHIP Planning Benchmarks v1.0 (repo seed 0012, spec sections 8.1-8.9)",,,supabase/migrations/0012_module8_benchmark_seed.sql,section 7 FHIP Planning Benchmark v1.0 target ranges,
depreciating_asset_ratio,FHIP_PLANNING_V1,,,,strong,4,,5,target_range,A low depreciating-asset ratio.,research_informed,fhip-planning-1.0.0,,,FHIP11-0104,"FHIP Planning Benchmarks v1.0 (repo seed 0012, spec sections 8.1-8.9)",,,supabase/migrations/0012_module8_benchmark_seed.sql,section 7 FHIP Planning Benchmark v1.0 target ranges,
property_concentration,FHIP_PLANNING_V1,,,,low_concern,1,85,,target_range,"Property makes up most of total assets — treat as an exposure indicator, not automatically poor allocation.",research_informed,fhip-planning-1.0.0,,,FHIP11-0105,"FHIP Planning Benchmarks v1.0 (repo seed 0012, spec sections 8.1-8.9)",,,supabase/migrations/0012_module8_benchmark_seed.sql,section 7 FHIP Planning Benchmark v1.0 target ranges,
property_concentration,FHIP_PLANNING_V1,,,,developing,2,70,85,target_range,A high property concentration.,research_informed,fhip-planning-1.0.0,,,FHIP11-0106,"FHIP Planning Benchmarks v1.0 (repo seed 0012, spec sections 8.1-8.9)",,,supabase/migrations/0012_module8_benchmark_seed.sql,section 7 FHIP Planning Benchmark v1.0 target ranges,
property_concentration,FHIP_PLANNING_V1,,,,balanced,3,50,69.9,target_range,A generally balanced property concentration.,research_informed,fhip-planning-1.0.0,,,FHIP11-0107,"FHIP Planning Benchmarks v1.0 (repo seed 0012, spec sections 8.1-8.9)",,,supabase/migrations/0012_module8_benchmark_seed.sql,section 7 FHIP Planning Benchmark v1.0 target ranges,
property_concentration,FHIP_PLANNING_V1,,,,strong,4,,50,target_range,"A lower property concentration, subject to life stage and goals.",research_informed,fhip-planning-1.0.0,,,FHIP11-0108,"FHIP Planning Benchmarks v1.0 (repo seed 0012, spec sections 8.1-8.9)",,,supabase/migrations/0012_module8_benchmark_seed.sql,section 7 FHIP Planning Benchmark v1.0 target ranges,
largest_holding_concentration,FHIP_PLANNING_V1,,,,low_concern,1,50,,target_range,A single holding makes up half or more of the portfolio.,research_informed,fhip-planning-1.0.0,,,FHIP11-0109,"FHIP Planning Benchmarks v1.0 (repo seed 0012, spec sections 8.1-8.9)",,,supabase/migrations/0012_module8_benchmark_seed.sql,section 7 FHIP Planning Benchmark v1.0 target ranges,
largest_holding_concentration,FHIP_PLANNING_V1,,,,developing,2,25,50,target_range,A concentrated single holding.,research_informed,fhip-planning-1.0.0,,,FHIP11-0110,"FHIP Planning Benchmarks v1.0 (repo seed 0012, spec sections 8.1-8.9)",,,supabase/migrations/0012_module8_benchmark_seed.sql,section 7 FHIP Planning Benchmark v1.0 target ranges,
largest_holding_concentration,FHIP_PLANNING_V1,,,,balanced,3,10,24.9,target_range,A moderately diversified largest holding.,research_informed,fhip-planning-1.0.0,,,FHIP11-0111,"FHIP Planning Benchmarks v1.0 (repo seed 0012, spec sections 8.1-8.9)",,,supabase/migrations/0012_module8_benchmark_seed.sql,section 7 FHIP Planning Benchmark v1.0 target ranges,
largest_holding_concentration,FHIP_PLANNING_V1,,,,strong,4,,10,target_range,A well-diversified portfolio with no dominant single holding.,research_informed,fhip-planning-1.0.0,,,FHIP11-0112,"FHIP Planning Benchmarks v1.0 (repo seed 0012, spec sections 8.1-8.9)",,,supabase/migrations/0012_module8_benchmark_seed.sql,section 7 FHIP Planning Benchmark v1.0 target ranges,
net_worth_growth_12m,FHIP_PLANNING_V1,,,,low_concern,1,,0,target_range,Net worth declined over the last 12 months.,research_informed,fhip-planning-1.0.0,,,FHIP11-0113,"FHIP Planning Benchmarks v1.0 (repo seed 0012, spec sections 8.1-8.9)",,,supabase/migrations/0012_module8_benchmark_seed.sql,section 7 FHIP Planning Benchmark v1.0 target ranges,
net_worth_growth_12m,FHIP_PLANNING_V1,,,,developing,2,0,2.9,target_range,Modest net-worth growth.,research_informed,fhip-planning-1.0.0,,,FHIP11-0114,"FHIP Planning Benchmarks v1.0 (repo seed 0012, spec sections 8.1-8.9)",,,supabase/migrations/0012_module8_benchmark_seed.sql,section 7 FHIP Planning Benchmark v1.0 target ranges,
net_worth_growth_12m,FHIP_PLANNING_V1,,,,balanced,3,3,7.9,target_range,Solid net-worth growth.,research_informed,fhip-planning-1.0.0,,,FHIP11-0115,"FHIP Planning Benchmarks v1.0 (repo seed 0012, spec sections 8.1-8.9)",,,supabase/migrations/0012_module8_benchmark_seed.sql,section 7 FHIP Planning Benchmark v1.0 target ranges,
net_worth_growth_12m,FHIP_PLANNING_V1,,,,strong,4,8,,target_range,"Strong net-worth growth, subject to market effects.",research_informed,fhip-planning-1.0.0,,,FHIP11-0116,"FHIP Planning Benchmarks v1.0 (repo seed 0012, spec sections 8.1-8.9)",,,supabase/migrations/0012_module8_benchmark_seed.sql,section 7 FHIP Planning Benchmark v1.0 target ranges,
investment_contribution_rate,FHIP_PLANNING_V1,,,,low_concern,1,,5,target_range,A low investment contribution rate.,research_informed,fhip-planning-1.0.0,,,FHIP11-0117,"FHIP Planning Benchmarks v1.0 (repo seed 0012, spec sections 8.1-8.9)",,,supabase/migrations/0012_module8_benchmark_seed.sql,section 7 FHIP Planning Benchmark v1.0 target ranges,
investment_contribution_rate,FHIP_PLANNING_V1,,,,developing,2,5,9.9,target_range,A developing investment contribution rate.,research_informed,fhip-planning-1.0.0,,,FHIP11-0118,"FHIP Planning Benchmarks v1.0 (repo seed 0012, spec sections 8.1-8.9)",,,supabase/migrations/0012_module8_benchmark_seed.sql,section 7 FHIP Planning Benchmark v1.0 target ranges,
investment_contribution_rate,FHIP_PLANNING_V1,,,,healthy,3,10,19.9,target_range,A healthy investment contribution rate.,research_informed,fhip-planning-1.0.0,,,FHIP11-0119,"FHIP Planning Benchmarks v1.0 (repo seed 0012, spec sections 8.1-8.9)",,,supabase/migrations/0012_module8_benchmark_seed.sql,section 7 FHIP Planning Benchmark v1.0 target ranges,
investment_contribution_rate,FHIP_PLANNING_V1,,,,strong,4,20,,target_range,A strong investment contribution rate.,research_informed,fhip-planning-1.0.0,,,FHIP11-0120,"FHIP Planning Benchmarks v1.0 (repo seed 0012, spec sections 8.1-8.9)",,,supabase/migrations/0012_module8_benchmark_seed.sql,section 7 FHIP Planning Benchmark v1.0 target ranges,
speculative_asset_ratio,FHIP_PLANNING_V1,,,,high_concern,1,20,,target_range,A high speculative-asset share of the investable portfolio.,research_informed,fhip-planning-1.0.0,,,FHIP11-0121,"FHIP Planning Benchmarks v1.0 (repo seed 0012, spec sections 8.1-8.9)",,,supabase/migrations/0012_module8_benchmark_seed.sql,section 7 FHIP Planning Benchmark v1.0 target ranges,
speculative_asset_ratio,FHIP_PLANNING_V1,,,,developing,2,10,20,target_range,An elevated speculative-asset share.,research_informed,fhip-planning-1.0.0,,,FHIP11-0122,"FHIP Planning Benchmarks v1.0 (repo seed 0012, spec sections 8.1-8.9)",,,supabase/migrations/0012_module8_benchmark_seed.sql,section 7 FHIP Planning Benchmark v1.0 target ranges,
speculative_asset_ratio,FHIP_PLANNING_V1,,,,healthy,3,5,9.9,target_range,A moderate speculative-asset share.,research_informed,fhip-planning-1.0.0,,,FHIP11-0123,"FHIP Planning Benchmarks v1.0 (repo seed 0012, spec sections 8.1-8.9)",,,supabase/migrations/0012_module8_benchmark_seed.sql,section 7 FHIP Planning Benchmark v1.0 target ranges,
speculative_asset_ratio,FHIP_PLANNING_V1,,,,strong,4,,5,target_range,A low speculative-asset share.,research_informed,fhip-planning-1.0.0,,,FHIP11-0124,"FHIP Planning Benchmarks v1.0 (repo seed 0012, spec sections 8.1-8.9)",,,supabase/migrations/0012_module8_benchmark_seed.sql,section 7 FHIP Planning Benchmark v1.0 target ranges,
asset_class_diversification,FHIP_PLANNING_V1,,,,low_concern,1,1,1,target_range,Only one material asset class held.,research_informed,fhip-planning-1.0.0,,,FHIP11-0125,"FHIP Planning Benchmarks v1.0 (repo seed 0012, spec sections 8.1-8.9)",,,supabase/migrations/0012_module8_benchmark_seed.sql,section 7 FHIP Planning Benchmark v1.0 target ranges,
asset_class_diversification,FHIP_PLANNING_V1,,,,developing,2,2,2,target_range,Two material asset classes held.,research_informed,fhip-planning-1.0.0,,,FHIP11-0126,"FHIP Planning Benchmarks v1.0 (repo seed 0012, spec sections 8.1-8.9)",,,supabase/migrations/0012_module8_benchmark_seed.sql,section 7 FHIP Planning Benchmark v1.0 target ranges,
asset_class_diversification,FHIP_PLANNING_V1,,,,healthy,3,3,4,target_range,Three to four material asset classes held.,research_informed,fhip-planning-1.0.0,,,FHIP11-0127,"FHIP Planning Benchmarks v1.0 (repo seed 0012, spec sections 8.1-8.9)",,,supabase/migrations/0012_module8_benchmark_seed.sql,section 7 FHIP Planning Benchmark v1.0 target ranges,
asset_class_diversification,FHIP_PLANNING_V1,,,,strong,4,5,,target_range,"Five or more material asset classes held, where appropriate.",research_informed,fhip-planning-1.0.0,,,FHIP11-0128,"FHIP Planning Benchmarks v1.0 (repo seed 0012, spec sections 8.1-8.9)",,,supabase/migrations/0012_module8_benchmark_seed.sql,section 7 FHIP Planning Benchmark v1.0 target ranges,
portfolio_cost_ratio,FHIP_PLANNING_V1,,,,high_concern,1,2,,target_range,High annual portfolio costs.,research_informed,fhip-planning-1.0.0,,,FHIP11-0129,"FHIP Planning Benchmarks v1.0 (repo seed 0012, spec sections 8.1-8.9)",,,supabase/migrations/0012_module8_benchmark_seed.sql,section 7 FHIP Planning Benchmark v1.0 target ranges,
portfolio_cost_ratio,FHIP_PLANNING_V1,,,,developing,2,1,2,target_range,Elevated annual portfolio costs.,research_informed,fhip-planning-1.0.0,,,FHIP11-0130,"FHIP Planning Benchmarks v1.0 (repo seed 0012, spec sections 8.1-8.9)",,,supabase/migrations/0012_module8_benchmark_seed.sql,section 7 FHIP Planning Benchmark v1.0 target ranges,
portfolio_cost_ratio,FHIP_PLANNING_V1,,,,healthy,3,0.5,0.99,target_range,Moderate annual portfolio costs.,research_informed,fhip-planning-1.0.0,,,FHIP11-0131,"FHIP Planning Benchmarks v1.0 (repo seed 0012, spec sections 8.1-8.9)",,,supabase/migrations/0012_module8_benchmark_seed.sql,section 7 FHIP Planning Benchmark v1.0 target ranges,
portfolio_cost_ratio,FHIP_PLANNING_V1,,,,strong,4,,0.5,target_range,"Low annual portfolio costs, subject to product type.",research_informed,fhip-planning-1.0.0,,,FHIP11-0132,"FHIP Planning Benchmarks v1.0 (repo seed 0012, spec sections 8.1-8.9)",,,supabase/migrations/0012_module8_benchmark_seed.sql,section 7 FHIP Planning Benchmark v1.0 target ranges,
life_cover_adequacy,FHIP_PLANNING_V1,,,,high_gap,1,,50,target_range,Life cover meets less than half of the modelled need.,research_informed,fhip-planning-1.0.0,,,FHIP11-0133,"FHIP Planning Benchmarks v1.0 (repo seed 0012, spec sections 8.1-8.9)",,,supabase/migrations/0012_module8_benchmark_seed.sql,section 7 FHIP Planning Benchmark v1.0 target ranges,
life_cover_adequacy,FHIP_PLANNING_V1,,,,partial,2,50,79.9,target_range,Life cover meets part of the modelled need.,research_informed,fhip-planning-1.0.0,,,FHIP11-0134,"FHIP Planning Benchmarks v1.0 (repo seed 0012, spec sections 8.1-8.9)",,,supabase/migrations/0012_module8_benchmark_seed.sql,section 7 FHIP Planning Benchmark v1.0 target ranges,
life_cover_adequacy,FHIP_PLANNING_V1,,,,near_adequate,3,80,99.9,target_range,Life cover is close to the modelled need.,research_informed,fhip-planning-1.0.0,,,FHIP11-0135,"FHIP Planning Benchmarks v1.0 (repo seed 0012, spec sections 8.1-8.9)",,,supabase/migrations/0012_module8_benchmark_seed.sql,section 7 FHIP Planning Benchmark v1.0 target ranges,
life_cover_adequacy,FHIP_PLANNING_V1,,,,adequate,4,100,,target_range,Life cover meets or exceeds the modelled need.,research_informed,fhip-planning-1.0.0,,,FHIP11-0136,"FHIP Planning Benchmarks v1.0 (repo seed 0012, spec sections 8.1-8.9)",,,supabase/migrations/0012_module8_benchmark_seed.sql,section 7 FHIP Planning Benchmark v1.0 target ranges,
tpd_cover_adequacy,FHIP_PLANNING_V1,,,,high_gap,1,,50,target_range,TPD cover meets less than half of the modelled need.,research_informed,fhip-planning-1.0.0,,,FHIP11-0137,"FHIP Planning Benchmarks v1.0 (repo seed 0012, spec sections 8.1-8.9)",,,supabase/migrations/0012_module8_benchmark_seed.sql,section 7 FHIP Planning Benchmark v1.0 target ranges,
tpd_cover_adequacy,FHIP_PLANNING_V1,,,,partial,2,50,79.9,target_range,TPD cover meets part of the modelled need.,research_informed,fhip-planning-1.0.0,,,FHIP11-0138,"FHIP Planning Benchmarks v1.0 (repo seed 0012, spec sections 8.1-8.9)",,,supabase/migrations/0012_module8_benchmark_seed.sql,section 7 FHIP Planning Benchmark v1.0 target ranges,
tpd_cover_adequacy,FHIP_PLANNING_V1,,,,near_adequate,3,80,99.9,target_range,TPD cover is close to the modelled need.,research_informed,fhip-planning-1.0.0,,,FHIP11-0139,"FHIP Planning Benchmarks v1.0 (repo seed 0012, spec sections 8.1-8.9)",,,supabase/migrations/0012_module8_benchmark_seed.sql,section 7 FHIP Planning Benchmark v1.0 target ranges,
tpd_cover_adequacy,FHIP_PLANNING_V1,,,,adequate,4,100,,target_range,TPD cover meets or exceeds the modelled need.,research_informed,fhip-planning-1.0.0,,,FHIP11-0140,"FHIP Planning Benchmarks v1.0 (repo seed 0012, spec sections 8.1-8.9)",,,supabase/migrations/0012_module8_benchmark_seed.sql,section 7 FHIP Planning Benchmark v1.0 target ranges,
major_asset_coverage,FHIP_PLANNING_V1,,,,high_gap,1,,80,target_range,Insured cover is well below the estimated replacement value.,research_informed,fhip-planning-1.0.0,,,FHIP11-0141,"FHIP Planning Benchmarks v1.0 (repo seed 0012, spec sections 8.1-8.9)",,,supabase/migrations/0012_module8_benchmark_seed.sql,section 7 FHIP Planning Benchmark v1.0 target ranges,
major_asset_coverage,FHIP_PLANNING_V1,,,,partial,2,80,94.9,target_range,Insured cover is below the estimated replacement value.,research_informed,fhip-planning-1.0.0,,,FHIP11-0142,"FHIP Planning Benchmarks v1.0 (repo seed 0012, spec sections 8.1-8.9)",,,supabase/migrations/0012_module8_benchmark_seed.sql,section 7 FHIP Planning Benchmark v1.0 target ranges,
major_asset_coverage,FHIP_PLANNING_V1,,,,near_adequate,3,95,99.9,target_range,Insured cover is close to the estimated replacement value.,research_informed,fhip-planning-1.0.0,,,FHIP11-0143,"FHIP Planning Benchmarks v1.0 (repo seed 0012, spec sections 8.1-8.9)",,,supabase/migrations/0012_module8_benchmark_seed.sql,section 7 FHIP Planning Benchmark v1.0 target ranges,
major_asset_coverage,FHIP_PLANNING_V1,,,,adequate,4,100,,target_range,Insured cover matches the estimated replacement value.,research_informed,fhip-planning-1.0.0,,,FHIP11-0144,"FHIP Planning Benchmarks v1.0 (repo seed 0012, spec sections 8.1-8.9)",,,supabase/migrations/0012_module8_benchmark_seed.sql,section 7 FHIP Planning Benchmark v1.0 target ranges,
income_protection_alignment,FHIP_PLANNING_V1,,,,high_gap,1,,0.5,target_range,Accessible reserves cover well under half of the income-protection waiting period (approximation).,research_informed,fhip-planning-1.0.0,,,FHIP11-0145,"FHIP Planning Benchmarks v1.0 (repo seed 0012, spec sections 8.1-8.9)",,,supabase/migrations/0012_module8_benchmark_seed.sql,section 7 FHIP Planning Benchmark v1.0 target ranges,
income_protection_alignment,FHIP_PLANNING_V1,,,,partial,2,0.5,0.99,target_range,Accessible reserves cover part of the waiting period (approximation).,research_informed,fhip-planning-1.0.0,,,FHIP11-0146,"FHIP Planning Benchmarks v1.0 (repo seed 0012, spec sections 8.1-8.9)",,,supabase/migrations/0012_module8_benchmark_seed.sql,section 7 FHIP Planning Benchmark v1.0 target ranges,
income_protection_alignment,FHIP_PLANNING_V1,,,,near_adequate,3,1,1.49,target_range,Accessible reserves cover the waiting period (approximation).,research_informed,fhip-planning-1.0.0,,,FHIP11-0147,"FHIP Planning Benchmarks v1.0 (repo seed 0012, spec sections 8.1-8.9)",,,supabase/migrations/0012_module8_benchmark_seed.sql,section 7 FHIP Planning Benchmark v1.0 target ranges,
income_protection_alignment,FHIP_PLANNING_V1,,,,adequate,4,1.5,,target_range,Accessible reserves cover the waiting period plus a buffer (approximation).,research_informed,fhip-planning-1.0.0,,,FHIP11-0148,"FHIP Planning Benchmarks v1.0 (repo seed 0012, spec sections 8.1-8.9)",,,supabase/migrations/0012_module8_benchmark_seed.sql,section 7 FHIP Planning Benchmark v1.0 target ranges,
policy_completeness,FHIP_PLANNING_V1,,,,high_gap,1,,25,target_range,Few relevant protection categories are in place.,research_informed,fhip-planning-1.0.0,,,FHIP11-0149,"FHIP Planning Benchmarks v1.0 (repo seed 0012, spec sections 8.1-8.9)",,,supabase/migrations/0012_module8_benchmark_seed.sql,section 7 FHIP Planning Benchmark v1.0 target ranges,
policy_completeness,FHIP_PLANNING_V1,,,,partial,2,25,49.9,target_range,Some relevant protection categories are in place.,research_informed,fhip-planning-1.0.0,,,FHIP11-0150,"FHIP Planning Benchmarks v1.0 (repo seed 0012, spec sections 8.1-8.9)",,,supabase/migrations/0012_module8_benchmark_seed.sql,section 7 FHIP Planning Benchmark v1.0 target ranges,
policy_completeness,FHIP_PLANNING_V1,,,,near_adequate,3,50,74.9,target_range,Most relevant protection categories are in place.,research_informed,fhip-planning-1.0.0,,,FHIP11-0151,"FHIP Planning Benchmarks v1.0 (repo seed 0012, spec sections 8.1-8.9)",,,supabase/migrations/0012_module8_benchmark_seed.sql,section 7 FHIP Planning Benchmark v1.0 target ranges,
policy_completeness,FHIP_PLANNING_V1,,,,adequate,4,75,100,target_range,Most or all relevant protection categories are in place.,research_informed,fhip-planning-1.0.0,,,FHIP11-0152,"FHIP Planning Benchmarks v1.0 (repo seed 0012, spec sections 8.1-8.9)",,,supabase/migrations/0012_module8_benchmark_seed.sql,section 7 FHIP Planning Benchmark v1.0 target ranges,
goal_progress,FHIP_PLANNING_V1,,,,off_track,1,,90,target_range,Forecast target-date funding is below 90%.,research_informed,fhip-planning-1.0.0,,,FHIP11-0153,"FHIP Planning Benchmarks v1.0 (repo seed 0012, spec sections 8.1-8.9)",,,supabase/migrations/0012_module8_benchmark_seed.sql,section 7 FHIP Planning Benchmark v1.0 target ranges,
goal_progress,FHIP_PLANNING_V1,,,,at_risk,2,90,99.9,target_range,Forecast target-date funding is close to target.,research_informed,fhip-planning-1.0.0,,,FHIP11-0154,"FHIP Planning Benchmarks v1.0 (repo seed 0012, spec sections 8.1-8.9)",,,supabase/migrations/0012_module8_benchmark_seed.sql,section 7 FHIP Planning Benchmark v1.0 target ranges,
goal_progress,FHIP_PLANNING_V1,,,,on_track,3,100,104.9,target_range,Forecast target-date funding meets the target.,research_informed,fhip-planning-1.0.0,,,FHIP11-0155,"FHIP Planning Benchmarks v1.0 (repo seed 0012, spec sections 8.1-8.9)",,,supabase/migrations/0012_module8_benchmark_seed.sql,section 7 FHIP Planning Benchmark v1.0 target ranges,
goal_progress,FHIP_PLANNING_V1,,,,ahead,4,105,,target_range,Forecast target-date funding exceeds the target.,research_informed,fhip-planning-1.0.0,,,FHIP11-0156,"FHIP Planning Benchmarks v1.0 (repo seed 0012, spec sections 8.1-8.9)",,,supabase/migrations/0012_module8_benchmark_seed.sql,section 7 FHIP Planning Benchmark v1.0 target ranges,
goal_contribution_adequacy,FHIP_PLANNING_V1,,,,off_track,1,,80,target_range,Planned contributions are well below the required amount.,research_informed,fhip-planning-1.0.0,,,FHIP11-0157,"FHIP Planning Benchmarks v1.0 (repo seed 0012, spec sections 8.1-8.9)",,,supabase/migrations/0012_module8_benchmark_seed.sql,section 7 FHIP Planning Benchmark v1.0 target ranges,
goal_contribution_adequacy,FHIP_PLANNING_V1,,,,at_risk,2,80,99.9,target_range,Planned contributions are below the required amount.,research_informed,fhip-planning-1.0.0,,,FHIP11-0158,"FHIP Planning Benchmarks v1.0 (repo seed 0012, spec sections 8.1-8.9)",,,supabase/migrations/0012_module8_benchmark_seed.sql,section 7 FHIP Planning Benchmark v1.0 target ranges,
goal_contribution_adequacy,FHIP_PLANNING_V1,,,,on_track,3,100,119.9,target_range,Planned contributions meet the required amount.,research_informed,fhip-planning-1.0.0,,,FHIP11-0159,"FHIP Planning Benchmarks v1.0 (repo seed 0012, spec sections 8.1-8.9)",,,supabase/migrations/0012_module8_benchmark_seed.sql,section 7 FHIP Planning Benchmark v1.0 target ranges,
goal_contribution_adequacy,FHIP_PLANNING_V1,,,,ahead,4,120,,target_range,Planned contributions exceed the required amount.,research_informed,fhip-planning-1.0.0,,,FHIP11-0160,"FHIP Planning Benchmarks v1.0 (repo seed 0012, spec sections 8.1-8.9)",,,supabase/migrations/0012_module8_benchmark_seed.sql,section 7 FHIP Planning Benchmark v1.0 target ranges,
on_track_goal_percentage,FHIP_PLANNING_V1,,,,off_track,1,,50,target_range,Fewer than half of high-priority goals are on track.,research_informed,fhip-planning-1.0.0,,,FHIP11-0161,"FHIP Planning Benchmarks v1.0 (repo seed 0012, spec sections 8.1-8.9)",,,supabase/migrations/0012_module8_benchmark_seed.sql,section 7 FHIP Planning Benchmark v1.0 target ranges,
on_track_goal_percentage,FHIP_PLANNING_V1,,,,at_risk,2,50,74.9,target_range,Around half of goals are on track.,research_informed,fhip-planning-1.0.0,,,FHIP11-0162,"FHIP Planning Benchmarks v1.0 (repo seed 0012, spec sections 8.1-8.9)",,,supabase/migrations/0012_module8_benchmark_seed.sql,section 7 FHIP Planning Benchmark v1.0 target ranges,
on_track_goal_percentage,FHIP_PLANNING_V1,,,,on_track,3,75,99.9,target_range,Most goals are on track.,research_informed,fhip-planning-1.0.0,,,FHIP11-0163,"FHIP Planning Benchmarks v1.0 (repo seed 0012, spec sections 8.1-8.9)",,,supabase/migrations/0012_module8_benchmark_seed.sql,section 7 FHIP Planning Benchmark v1.0 target ranges,
on_track_goal_percentage,FHIP_PLANNING_V1,,,,ahead,4,100,100,target_range,All goals are on track.,research_informed,fhip-planning-1.0.0,,,FHIP11-0164,"FHIP Planning Benchmarks v1.0 (repo seed 0012, spec sections 8.1-8.9)",,,supabase/migrations/0012_module8_benchmark_seed.sql,section 7 FHIP Planning Benchmark v1.0 target ranges,
goal_allocation_burden,FHIP_PLANNING_V1,,,,off_track,1,100,,target_range,Planned goal contributions exceed available monthly surplus.,research_informed,fhip-planning-1.0.0,,,FHIP11-0165,"FHIP Planning Benchmarks v1.0 (repo seed 0012, spec sections 8.1-8.9)",,,supabase/migrations/0012_module8_benchmark_seed.sql,section 7 FHIP Planning Benchmark v1.0 target ranges,
goal_allocation_burden,FHIP_PLANNING_V1,,,,at_risk,2,80,100,target_range,Planned goal contributions use most of the available surplus.,research_informed,fhip-planning-1.0.0,,,FHIP11-0166,"FHIP Planning Benchmarks v1.0 (repo seed 0012, spec sections 8.1-8.9)",,,supabase/migrations/0012_module8_benchmark_seed.sql,section 7 FHIP Planning Benchmark v1.0 target ranges,
goal_allocation_burden,FHIP_PLANNING_V1,,,,on_track,3,50,79.9,target_range,Planned goal contributions use a moderate share of the available surplus.,research_informed,fhip-planning-1.0.0,,,FHIP11-0167,"FHIP Planning Benchmarks v1.0 (repo seed 0012, spec sections 8.1-8.9)",,,supabase/migrations/0012_module8_benchmark_seed.sql,section 7 FHIP Planning Benchmark v1.0 target ranges,
goal_allocation_burden,FHIP_PLANNING_V1,,,,ahead,4,,50,target_range,Planned goal contributions leave unused flexibility.,research_informed,fhip-planning-1.0.0,,,FHIP11-0168,"FHIP Planning Benchmarks v1.0 (repo seed 0012, spec sections 8.1-8.9)",,,supabase/migrations/0012_module8_benchmark_seed.sql,section 7 FHIP Planning Benchmark v1.0 target ranges,
currency_mismatch,FHIP_PLANNING_V1,,,,very_high,1,30,,target_range,Unmatched foreign-currency obligations are 30% or more of net worth.,research_informed,fhip-planning-1.0.0,,,FHIP11-0169,"FHIP Planning Benchmarks v1.0 (repo seed 0012, spec sections 8.1-8.9)",,,supabase/migrations/0012_module8_benchmark_seed.sql,section 7 FHIP Planning Benchmark v1.0 target ranges,
currency_mismatch,FHIP_PLANNING_V1,,,,high,2,15,29.9,target_range,A high unmatched foreign-currency exposure.,research_informed,fhip-planning-1.0.0,,,FHIP11-0170,"FHIP Planning Benchmarks v1.0 (repo seed 0012, spec sections 8.1-8.9)",,,supabase/migrations/0012_module8_benchmark_seed.sql,section 7 FHIP Planning Benchmark v1.0 target ranges,
currency_mismatch,FHIP_PLANNING_V1,,,,moderate,3,5,14.9,target_range,A moderate unmatched foreign-currency exposure.,research_informed,fhip-planning-1.0.0,,,FHIP11-0171,"FHIP Planning Benchmarks v1.0 (repo seed 0012, spec sections 8.1-8.9)",,,supabase/migrations/0012_module8_benchmark_seed.sql,section 7 FHIP Planning Benchmark v1.0 target ranges,
currency_mismatch,FHIP_PLANNING_V1,,,,low,4,,5,target_range,A low unmatched foreign-currency exposure.,research_informed,fhip-planning-1.0.0,,,FHIP11-0172,"FHIP Planning Benchmarks v1.0 (repo seed 0012, spec sections 8.1-8.9)",,,supabase/migrations/0012_module8_benchmark_seed.sql,section 7 FHIP Planning Benchmark v1.0 target ranges,
remittance_burden,FHIP_PLANNING_V1,,,,very_high,1,20,,target_range,Remittances are 20% or more of net income.,research_informed,fhip-planning-1.0.0,,,FHIP11-0173,"FHIP Planning Benchmarks v1.0 (repo seed 0012, spec sections 8.1-8.9)",,,supabase/migrations/0012_module8_benchmark_seed.sql,section 7 FHIP Planning Benchmark v1.0 target ranges,
remittance_burden,FHIP_PLANNING_V1,,,,high,2,10,19.9,target_range,A high remittance burden.,research_informed,fhip-planning-1.0.0,,,FHIP11-0174,"FHIP Planning Benchmarks v1.0 (repo seed 0012, spec sections 8.1-8.9)",,,supabase/migrations/0012_module8_benchmark_seed.sql,section 7 FHIP Planning Benchmark v1.0 target ranges,
remittance_burden,FHIP_PLANNING_V1,,,,moderate,3,5,9.9,target_range,A moderate remittance burden.,research_informed,fhip-planning-1.0.0,,,FHIP11-0175,"FHIP Planning Benchmarks v1.0 (repo seed 0012, spec sections 8.1-8.9)",,,supabase/migrations/0012_module8_benchmark_seed.sql,section 7 FHIP Planning Benchmark v1.0 target ranges,
remittance_burden,FHIP_PLANNING_V1,,,,low,4,,5,target_range,"A low remittance burden, leaving more flexibility.",research_informed,fhip-planning-1.0.0,,,FHIP11-0176,"FHIP Planning Benchmarks v1.0 (repo seed 0012, spec sections 8.1-8.9)",,,supabase/migrations/0012_module8_benchmark_seed.sql,section 7 FHIP Planning Benchmark v1.0 target ranges,
country_concentration,FHIP_PLANNING_V1,,,,very_high,1,60,,target_range,Assets in a single foreign country are 60% or more of total assets.,research_informed,fhip-planning-1.0.0,,,FHIP11-0177,"FHIP Planning Benchmarks v1.0 (repo seed 0012, spec sections 8.1-8.9)",,,supabase/migrations/0012_module8_benchmark_seed.sql,section 7 FHIP Planning Benchmark v1.0 target ranges,
country_concentration,FHIP_PLANNING_V1,,,,high,2,40,59.9,target_range,A high single-country concentration.,research_informed,fhip-planning-1.0.0,,,FHIP11-0178,"FHIP Planning Benchmarks v1.0 (repo seed 0012, spec sections 8.1-8.9)",,,supabase/migrations/0012_module8_benchmark_seed.sql,section 7 FHIP Planning Benchmark v1.0 target ranges,
country_concentration,FHIP_PLANNING_V1,,,,moderate,3,20,39.9,target_range,A moderate single-country concentration.,research_informed,fhip-planning-1.0.0,,,FHIP11-0179,"FHIP Planning Benchmarks v1.0 (repo seed 0012, spec sections 8.1-8.9)",,,supabase/migrations/0012_module8_benchmark_seed.sql,section 7 FHIP Planning Benchmark v1.0 target ranges,
country_concentration,FHIP_PLANNING_V1,,,,low,4,,20,target_range,A low single-country concentration.,research_informed,fhip-planning-1.0.0,,,FHIP11-0180,"FHIP Planning Benchmarks v1.0 (repo seed 0012, spec sections 8.1-8.9)",,,supabase/migrations/0012_module8_benchmark_seed.sql,section 7 FHIP Planning Benchmark v1.0 target ranges,
offshore_liquidity_access,FHIP_PLANNING_V1,,,,very_high,1,90,,target_range,Offshore emergency funds are restricted or take over 90 days to access.,research_informed,fhip-planning-1.0.0,,,FHIP11-0181,"FHIP Planning Benchmarks v1.0 (repo seed 0012, spec sections 8.1-8.9)",,,supabase/migrations/0012_module8_benchmark_seed.sql,section 7 FHIP Planning Benchmark v1.0 target ranges,
offshore_liquidity_access,FHIP_PLANNING_V1,,,,high,2,31,90,target_range,Offshore emergency funds take 31-90 days to access.,research_informed,fhip-planning-1.0.0,,,FHIP11-0182,"FHIP Planning Benchmarks v1.0 (repo seed 0012, spec sections 8.1-8.9)",,,supabase/migrations/0012_module8_benchmark_seed.sql,section 7 FHIP Planning Benchmark v1.0 target ranges,
offshore_liquidity_access,FHIP_PLANNING_V1,,,,moderate,3,8,30,target_range,Offshore emergency funds take 8-30 days to access.,research_informed,fhip-planning-1.0.0,,,FHIP11-0183,"FHIP Planning Benchmarks v1.0 (repo seed 0012, spec sections 8.1-8.9)",,,supabase/migrations/0012_module8_benchmark_seed.sql,section 7 FHIP Planning Benchmark v1.0 target ranges,
offshore_liquidity_access,FHIP_PLANNING_V1,,,,low,4,,7,target_range,Offshore emergency funds are accessible within 7 days.,research_informed,fhip-planning-1.0.0,,,FHIP11-0184,"FHIP Planning Benchmarks v1.0 (repo seed 0012, spec sections 8.1-8.9)",,,supabase/migrations/0012_module8_benchmark_seed.sql,section 7 FHIP Planning Benchmark v1.0 target ranges,
retirement_contribution_rate,FHIP_PLANNING_V1,AU,,,below_baseline,1,,12,target_range,Below the 12% statutory superannuation guarantee baseline.,research_informed,fhip-planning-1.0.0,,,FHIP11-0185,"FHIP Planning Benchmarks v1.0 (repo seed 0012, spec sections 8.1-8.9)",,,supabase/migrations/0012_module8_benchmark_seed.sql,section 8.6 retirement target ranges,
retirement_contribution_rate,FHIP_PLANNING_V1,AU,,,baseline,2,12,14.9,target_range,At or just above the statutory baseline.,research_informed,fhip-planning-1.0.0,,,FHIP11-0186,"FHIP Planning Benchmarks v1.0 (repo seed 0012, spec sections 8.1-8.9)",,,supabase/migrations/0012_module8_benchmark_seed.sql,section 8.6 retirement target ranges,
retirement_contribution_rate,FHIP_PLANNING_V1,AU,,,healthy_pathway,3,15,19.9,target_range,A healthy retirement contribution pathway.,research_informed,fhip-planning-1.0.0,,,FHIP11-0187,"FHIP Planning Benchmarks v1.0 (repo seed 0012, spec sections 8.1-8.9)",,,supabase/migrations/0012_module8_benchmark_seed.sql,section 8.6 retirement target ranges,
retirement_contribution_rate,FHIP_PLANNING_V1,AU,,,strong_pathway,4,20,,target_range,"A strong retirement contribution pathway, subject to contribution caps.",research_informed,fhip-planning-1.0.0,,,FHIP11-0188,"FHIP Planning Benchmarks v1.0 (repo seed 0012, spec sections 8.1-8.9)",,,supabase/migrations/0012_module8_benchmark_seed.sql,section 8.6 retirement target ranges,
retirement_contribution_rate,FHIP_PLANNING_V1,IN,,,below_baseline,1,,10,target_range,Below an indicative baseline retirement savings rate.,research_informed,fhip-planning-1.0.0,,,FHIP11-0189,"FHIP Planning Benchmarks v1.0 (repo seed 0012, spec sections 8.1-8.9)",,,supabase/migrations/0012_module8_benchmark_seed.sql,section 8.6 retirement target ranges,
retirement_contribution_rate,FHIP_PLANNING_V1,IN,,,developing,2,10,14.9,target_range,A developing retirement savings rate.,research_informed,fhip-planning-1.0.0,,,FHIP11-0190,"FHIP Planning Benchmarks v1.0 (repo seed 0012, spec sections 8.1-8.9)",,,supabase/migrations/0012_module8_benchmark_seed.sql,section 8.6 retirement target ranges,
retirement_contribution_rate,FHIP_PLANNING_V1,IN,,,healthy_pathway,3,15,19.9,target_range,A healthy retirement savings pathway.,research_informed,fhip-planning-1.0.0,,,FHIP11-0191,"FHIP Planning Benchmarks v1.0 (repo seed 0012, spec sections 8.1-8.9)",,,supabase/migrations/0012_module8_benchmark_seed.sql,section 8.6 retirement target ranges,
retirement_contribution_rate,FHIP_PLANNING_V1,IN,,,strong_pathway,4,20,,target_range,A strong retirement savings pathway.,research_informed,fhip-planning-1.0.0,,,FHIP11-0192,"FHIP Planning Benchmarks v1.0 (repo seed 0012, spec sections 8.1-8.9)",,,supabase/migrations/0012_module8_benchmark_seed.sql,section 8.6 retirement target ranges,
projected_retirement_readiness,FHIP_PLANNING_V1,,,,below_baseline,1,,60,target_range,Projected retirement-income coverage is below 60% of the indicative target.,research_informed,fhip-planning-1.0.0,,,FHIP11-0193,"FHIP Planning Benchmarks v1.0 (repo seed 0012, spec sections 8.1-8.9)",,,supabase/migrations/0012_module8_benchmark_seed.sql,section 8.6 retirement target ranges,
projected_retirement_readiness,FHIP_PLANNING_V1,,,,developing,2,60,79.9,target_range,Projected retirement-income coverage is developing.,research_informed,fhip-planning-1.0.0,,,FHIP11-0194,"FHIP Planning Benchmarks v1.0 (repo seed 0012, spec sections 8.1-8.9)",,,supabase/migrations/0012_module8_benchmark_seed.sql,section 8.6 retirement target ranges,
projected_retirement_readiness,FHIP_PLANNING_V1,,,,healthy_pathway,3,80,99.9,target_range,Projected retirement-income coverage is close to the indicative target.,research_informed,fhip-planning-1.0.0,,,FHIP11-0195,"FHIP Planning Benchmarks v1.0 (repo seed 0012, spec sections 8.1-8.9)",,,supabase/migrations/0012_module8_benchmark_seed.sql,section 8.6 retirement target ranges,
projected_retirement_readiness,FHIP_PLANNING_V1,,,,strong_pathway,4,100,,target_range,Projected retirement-income coverage meets or exceeds the indicative target.,research_informed,fhip-planning-1.0.0,,,FHIP11-0196,"FHIP Planning Benchmarks v1.0 (repo seed 0012, spec sections 8.1-8.9)",,,supabase/migrations/0012_module8_benchmark_seed.sql,section 8.6 retirement target ranges,
