Content_ID,Title,Content_Type,Batch,Jurisdiction,Risk_Class,CMS_Record_Found,CMS_Status,CMS_Private,CMS_Indexable,Published_At,Structured_Content_Present,Excerpt_Present,Word_Count,Reading_Time,Editorial_Result,Terminology_Result,Math_Result,Official_Source_Required,Official_Source_Result,Official_Source_Verified_At,FHIP_Methodology_Required,FHIP_Methodology_Result,Calculation_Version_or_Code_Reference,Related_Content_Result,Related_Content_Count,CTA_Result,Author_Result,Admin_Render_Result,Public_Security_Result,Second_Apply_Result,Readiness_State,Open_Issues,Reviewer_Notes
FH-001,What Does Financial Health Actually Mean?,Article,01,Global,GREEN,YES,draft,YES,NO,,YES,YES,1123,6 min,PASS,PASS,NO_NUMERIC_EXAMPLE_OR_NOT_APPLICABLE,NO,N/A,,NO,N/A,N/A,NONE,0,"CTA_MAPPING_REQUIRED (resource_ctas empty, accepted per spec §17)",NEEDS_AUTHOR_ASSIGNMENT (accepted per spec §18),"PASS -- live authenticated Admin editor+preview QA 2026-08-21, found+fixed a real CTA-instruction leak (see p0-change-log.csv), 15/15 responsive cells pass, no other corruption","PASS -- real HTTP 404 (npx next start production server), noindex meta, genuine app 404 body; search/sitemap/glossary/videos listings confirmed to exclude this record's type-representative sample","PASS (0 hash/updated_at/audit churn on second real apply, see second-apply-idempotency-proof.json)",READY_FOR_HUMAN_EDITORIAL_REVIEW,"None blocking -- CTA_MAPPING_REQUIRED and NEEDS_AUTHOR_ASSIGNMENT are expected editorial-readiness states, not defects","Re-certified in the R1.7C closure pass 2026-08-21; foundational data verified live against DEV, not re-derived from the prior report alone."
FH-002,7 Financial Numbers Every Household Should Know,Article,01,Global,GREEN,YES,draft,YES,NO,,YES,YES,1197,6 min,PASS,PASS,INDEPENDENTLY_RECOMPUTED_CORRECT,NO,N/A,,NO,N/A,N/A,NONE,0,"CTA_MAPPING_REQUIRED (resource_ctas empty, accepted per spec §17)",NEEDS_AUTHOR_ASSIGNMENT (accepted per spec §18),"NOT_DIRECTLY_SAMPLED -- covered by the same structural/validation checks (block-type validity, leak-pattern scan, related-content render) applied to all 84; not individually opened in the live Admin editor this pass","PASS -- real HTTP 404 (npx next start production server), noindex meta, genuine app 404 body; search/sitemap/glossary/videos listings confirmed to exclude this record's type-representative sample","PASS (0 hash/updated_at/audit churn on second real apply, see second-apply-idempotency-proof.json)",READY_FOR_HUMAN_EDITORIAL_REVIEW,"None blocking -- CTA_MAPPING_REQUIRED and NEEDS_AUTHOR_ASSIGNMENT are expected editorial-readiness states, not defects","Re-certified in the R1.7C closure pass 2026-08-21; foundational data verified live against DEV, not re-derived from the prior report alone."
FH-003,Financial Health vs Wealth: What's the Difference?,Article,01,Global,GREEN,YES,draft,YES,NO,,YES,YES,983,5 min,PASS,PASS,NO_NUMERIC_EXAMPLE_OR_NOT_APPLICABLE,NO,N/A,,NO,N/A,N/A,NONE,0,"CTA_MAPPING_REQUIRED (resource_ctas empty, accepted per spec §17)",NEEDS_AUTHOR_ASSIGNMENT (accepted per spec §18),"NOT_DIRECTLY_SAMPLED -- covered by the same structural/validation checks (block-type validity, leak-pattern scan, related-content render) applied to all 84; not individually opened in the live Admin editor this pass","PASS -- real HTTP 404 (npx next start production server), noindex meta, genuine app 404 body; search/sitemap/glossary/videos listings confirmed to exclude this record's type-representative sample","PASS (0 hash/updated_at/audit churn on second real apply, see second-apply-idempotency-proof.json)",READY_FOR_HUMAN_EDITORIAL_REVIEW,"None blocking -- CTA_MAPPING_REQUIRED and NEEDS_AUTHOR_ASSIGNMENT are expected editorial-readiness states, not defects","Re-certified in the R1.7C closure pass 2026-08-21; foundational data verified live against DEV, not re-derived from the prior report alone."
FH-004,Why a High Income Doesn't Automatically Mean Financial Security,Article,01,Global,GREEN,YES,draft,YES,NO,,YES,YES,1035,5 min,PASS,PASS,NO_NUMERIC_EXAMPLE_OR_NOT_APPLICABLE,NO,N/A,,NO,N/A,N/A,NONE,0,"CTA_MAPPING_REQUIRED (resource_ctas empty, accepted per spec §17)",NEEDS_AUTHOR_ASSIGNMENT (accepted per spec §18),"NOT_DIRECTLY_SAMPLED -- covered by the same structural/validation checks (block-type validity, leak-pattern scan, related-content render) applied to all 84; not individually opened in the live Admin editor this pass","PASS -- real HTTP 404 (npx next start production server), noindex meta, genuine app 404 body; search/sitemap/glossary/videos listings confirmed to exclude this record's type-representative sample","PASS (0 hash/updated_at/audit churn on second real apply, see second-apply-idempotency-proof.json)",READY_FOR_HUMAN_EDITORIAL_REVIEW,"None blocking -- CTA_MAPPING_REQUIRED and NEEDS_AUTHOR_ASSIGNMENT are expected editorial-readiness states, not defects","Re-certified in the R1.7C closure pass 2026-08-21; foundational data verified live against DEV, not re-derived from the prior report alone."
FH-005,How Often Should You Review Your Financial Position?,Guide,01,Global,GREEN,YES,draft,YES,NO,,YES,YES,1357,7 min,PASS,PASS,NO_NUMERIC_EXAMPLE_OR_NOT_APPLICABLE,NO,N/A,,NO,N/A,N/A,NONE,0,"CTA_MAPPING_REQUIRED (resource_ctas empty, accepted per spec §17)",NEEDS_AUTHOR_ASSIGNMENT (accepted per spec §18),"PASS -- live authenticated Admin editor+preview QA 2026-08-21, found+fixed a real CTA-instruction leak (see p0-change-log.csv), 15/15 responsive cells pass, no other corruption","PASS -- real HTTP 404 (npx next start production server), noindex meta, genuine app 404 body; search/sitemap/glossary/videos listings confirmed to exclude this record's type-representative sample","PASS (0 hash/updated_at/audit churn on second real apply, see second-apply-idempotency-proof.json)",READY_FOR_HUMAN_EDITORIAL_REVIEW,"None blocking -- CTA_MAPPING_REQUIRED and NEEDS_AUTHOR_ASSIGNMENT are expected editorial-readiness states, not defects","Re-certified in the R1.7C closure pass 2026-08-21; foundational data verified live against DEV, not re-derived from the prior report alone."
FH-006,The Four Foundations of Household Financial Health,Article,01,Global,GREEN,YES,draft,YES,NO,,YES,YES,1200,6 min,PASS,PASS,NO_NUMERIC_EXAMPLE_OR_NOT_APPLICABLE,NO,N/A,,NO,N/A,N/A,NONE,0,"CTA_MAPPING_REQUIRED (resource_ctas empty, accepted per spec §17)",NEEDS_AUTHOR_ASSIGNMENT (accepted per spec §18),"NOT_DIRECTLY_SAMPLED -- covered by the same structural/validation checks (block-type validity, leak-pattern scan, related-content render) applied to all 84; not individually opened in the live Admin editor this pass","PASS -- real HTTP 404 (npx next start production server), noindex meta, genuine app 404 body; search/sitemap/glossary/videos listings confirmed to exclude this record's type-representative sample","PASS (0 hash/updated_at/audit churn on second real apply, see second-apply-idempotency-proof.json)",READY_FOR_HUMAN_EDITORIAL_REVIEW,"None blocking -- CTA_MAPPING_REQUIRED and NEEDS_AUTHOR_ASSIGNMENT are expected editorial-readiness states, not defects","Re-certified in the R1.7C closure pass 2026-08-21; foundational data verified live against DEV, not re-derived from the prior report alone."
MM-001,Household Cash Flow Explained,Article,02,Global,GREEN,YES,draft,YES,NO,,YES,YES,1275,6 min,PASS,PASS,NO_NUMERIC_EXAMPLE_OR_NOT_APPLICABLE,NO,N/A,,NO,N/A,N/A,NONE,0,"CTA_MAPPING_REQUIRED (resource_ctas empty, accepted per spec §17)",NEEDS_AUTHOR_ASSIGNMENT (accepted per spec §18),"NOT_DIRECTLY_SAMPLED -- covered by the same structural/validation checks (block-type validity, leak-pattern scan, related-content render) applied to all 84; not individually opened in the live Admin editor this pass","PASS -- real HTTP 404 (npx next start production server), noindex meta, genuine app 404 body; search/sitemap/glossary/videos listings confirmed to exclude this record's type-representative sample","PASS (0 hash/updated_at/audit churn on second real apply, see second-apply-idempotency-proof.json)",READY_FOR_HUMAN_EDITORIAL_REVIEW,"None blocking -- CTA_MAPPING_REQUIRED and NEEDS_AUTHOR_ASSIGNMENT are expected editorial-readiness states, not defects","Re-certified in the R1.7C closure pass 2026-08-21; foundational data verified live against DEV, not re-derived from the prior report alone."
MM-002,Gross Income vs Take-Home Income,Article,02,Global,GREEN,YES,draft,YES,NO,,YES,YES,1224,6 min,PASS,PASS,NO_NUMERIC_EXAMPLE_OR_NOT_APPLICABLE,NO,N/A,,NO,N/A,N/A,NONE,0,"CTA_MAPPING_REQUIRED (resource_ctas empty, accepted per spec §17)",NEEDS_AUTHOR_ASSIGNMENT (accepted per spec §18),"NOT_DIRECTLY_SAMPLED -- covered by the same structural/validation checks (block-type validity, leak-pattern scan, related-content render) applied to all 84; not individually opened in the live Admin editor this pass","PASS -- real HTTP 404 (npx next start production server), noindex meta, genuine app 404 body; search/sitemap/glossary/videos listings confirmed to exclude this record's type-representative sample","PASS (0 hash/updated_at/audit churn on second real apply, see second-apply-idempotency-proof.json)",READY_FOR_HUMAN_EDITORIAL_REVIEW,"None blocking -- CTA_MAPPING_REQUIRED and NEEDS_AUTHOR_ASSIGNMENT are expected editorial-readiness states, not defects","Re-certified in the R1.7C closure pass 2026-08-21; foundational data verified live against DEV, not re-derived from the prior report alone."
MM-003,"Fixed, Variable, Essential and Discretionary Expenses",Article,02,Global,GREEN,YES,draft,YES,NO,,YES,YES,1267,6 min,PASS,PASS,NO_NUMERIC_EXAMPLE_OR_NOT_APPLICABLE,NO,N/A,,NO,N/A,N/A,CERTIFIED,1,"CTA_MAPPING_REQUIRED (resource_ctas empty, accepted per spec §17)",NEEDS_AUTHOR_ASSIGNMENT (accepted per spec §18),"NOT_DIRECTLY_SAMPLED -- covered by the same structural/validation checks (block-type validity, leak-pattern scan, related-content render) applied to all 84; not individually opened in the live Admin editor this pass","PASS -- real HTTP 404 (npx next start production server), noindex meta, genuine app 404 body; search/sitemap/glossary/videos listings confirmed to exclude this record's type-representative sample","PASS (0 hash/updated_at/audit churn on second real apply, see second-apply-idempotency-proof.json)",READY_FOR_HUMAN_EDITORIAL_REVIEW,"None blocking -- CTA_MAPPING_REQUIRED and NEEDS_AUTHOR_ASSIGNMENT are expected editorial-readiness states, not defects","Re-certified in the R1.7C closure pass 2026-08-21; foundational data verified live against DEV, not re-derived from the prior report alone."
MM-004,How to Calculate and Improve Your Savings Rate,Guide,02,Global,GREEN,YES,draft,YES,NO,,YES,YES,1862,9 min,PASS,PASS,INDEPENDENTLY_RECOMPUTED_CORRECT,NO,N/A,,NO,N/A,N/A,CERTIFIED,1,"CTA_MAPPING_REQUIRED (resource_ctas empty, accepted per spec §17)",NEEDS_AUTHOR_ASSIGNMENT (accepted per spec §18),"NOT_DIRECTLY_SAMPLED -- covered by the same structural/validation checks (block-type validity, leak-pattern scan, related-content render) applied to all 84; not individually opened in the live Admin editor this pass","PASS -- real HTTP 404 (npx next start production server), noindex meta, genuine app 404 body; search/sitemap/glossary/videos listings confirmed to exclude this record's type-representative sample","PASS (0 hash/updated_at/audit churn on second real apply, see second-apply-idempotency-proof.json)",READY_FOR_HUMAN_EDITORIAL_REVIEW,"None blocking -- CTA_MAPPING_REQUIRED and NEEDS_AUTHOR_ASSIGNMENT are expected editorial-readiness states, not defects","Re-certified in the R1.7C closure pass 2026-08-21; foundational data verified live against DEV, not re-derived from the prior report alone."
ER-001,What Is an Emergency Fund?,Article,02,Global,GREEN,YES,draft,YES,NO,,YES,YES,1250,6 min,PASS,PASS,NO_NUMERIC_EXAMPLE_OR_NOT_APPLICABLE,NO,N/A,,NO,N/A,N/A,NONE,0,"CTA_MAPPING_REQUIRED (resource_ctas empty, accepted per spec §17)",NEEDS_AUTHOR_ASSIGNMENT (accepted per spec §18),"NOT_DIRECTLY_SAMPLED -- covered by the same structural/validation checks (block-type validity, leak-pattern scan, related-content render) applied to all 84; not individually opened in the live Admin editor this pass","PASS -- real HTTP 404 (npx next start production server), noindex meta, genuine app 404 body; search/sitemap/glossary/videos listings confirmed to exclude this record's type-representative sample","PASS (0 hash/updated_at/audit churn on second real apply, see second-apply-idempotency-proof.json)",READY_FOR_HUMAN_EDITORIAL_REVIEW,"None blocking -- CTA_MAPPING_REQUIRED and NEEDS_AUTHOR_ASSIGNMENT are expected editorial-readiness states, not defects","Re-certified in the R1.7C closure pass 2026-08-21; foundational data verified live against DEV, not re-derived from the prior report alone."
ER-002,How Many Months of Expenses Should You Keep?,Article,02,Global,GREEN,YES,draft,YES,NO,,YES,YES,1503,8 min,PASS,PASS,NO_NUMERIC_EXAMPLE_OR_NOT_APPLICABLE,NO,N/A,,NO,N/A,N/A,NONE,0,"CTA_MAPPING_REQUIRED (resource_ctas empty, accepted per spec §17)",NEEDS_AUTHOR_ASSIGNMENT (accepted per spec §18),"NOT_DIRECTLY_SAMPLED -- covered by the same structural/validation checks (block-type validity, leak-pattern scan, related-content render) applied to all 84; not individually opened in the live Admin editor this pass","PASS -- real HTTP 404 (npx next start production server), noindex meta, genuine app 404 body; search/sitemap/glossary/videos listings confirmed to exclude this record's type-representative sample","PASS (0 hash/updated_at/audit churn on second real apply, see second-apply-idempotency-proof.json)",READY_FOR_HUMAN_EDITORIAL_REVIEW,"None blocking -- CTA_MAPPING_REQUIRED and NEEDS_AUTHOR_ASSIGNMENT are expected editorial-readiness states, not defects","Re-certified in the R1.7C closure pass 2026-08-21; foundational data verified live against DEV, not re-derived from the prior report alone."
ER-003,Emergency Savings vs Investments,Article,03,Global,GREEN,YES,draft,YES,NO,,YES,YES,1333,7 min,PASS,PASS,NO_NUMERIC_EXAMPLE_OR_NOT_APPLICABLE,NO,N/A,,NO,N/A,N/A,NONE,0,"CTA_MAPPING_REQUIRED (resource_ctas empty, accepted per spec §17)",NEEDS_AUTHOR_ASSIGNMENT (accepted per spec §18),"NOT_DIRECTLY_SAMPLED -- covered by the same structural/validation checks (block-type validity, leak-pattern scan, related-content render) applied to all 84; not individually opened in the live Admin editor this pass","PASS -- real HTTP 404 (npx next start production server), noindex meta, genuine app 404 body; search/sitemap/glossary/videos listings confirmed to exclude this record's type-representative sample","PASS (0 hash/updated_at/audit churn on second real apply, see second-apply-idempotency-proof.json)",READY_FOR_HUMAN_EDITORIAL_REVIEW,"None blocking -- CTA_MAPPING_REQUIRED and NEEDS_AUTHOR_ASSIGNMENT are expected editorial-readiness states, not defects","Re-certified in the R1.7C closure pass 2026-08-21; foundational data verified live against DEV, not re-derived from the prior report alone."
ER-004,What Happens Financially If Your Income Stops?,Article,03,Global,GREEN,YES,draft,YES,NO,,YES,YES,1461,7 min,PASS,PASS,NO_NUMERIC_EXAMPLE_OR_NOT_APPLICABLE,NO,N/A,,NO,N/A,N/A,NONE,0,"CTA_MAPPING_REQUIRED (resource_ctas empty, accepted per spec §17)",NEEDS_AUTHOR_ASSIGNMENT (accepted per spec §18),"NOT_DIRECTLY_SAMPLED -- covered by the same structural/validation checks (block-type validity, leak-pattern scan, related-content render) applied to all 84; not individually opened in the live Admin editor this pass","PASS -- real HTTP 404 (npx next start production server), noindex meta, genuine app 404 body; search/sitemap/glossary/videos listings confirmed to exclude this record's type-representative sample","PASS (0 hash/updated_at/audit churn on second real apply, see second-apply-idempotency-proof.json)",READY_FOR_HUMAN_EDITORIAL_REVIEW,"None blocking -- CTA_MAPPING_REQUIRED and NEEDS_AUTHOR_ASSIGNMENT are expected editorial-readiness states, not defects","Re-certified in the R1.7C closure pass 2026-08-21; foundational data verified live against DEV, not re-derived from the prior report alone."
DB-001,Good Debt vs Bad Debt,Article,03,Global,GREEN,YES,draft,YES,NO,,YES,YES,1383,7 min,PASS,PASS,NO_NUMERIC_EXAMPLE_OR_NOT_APPLICABLE,NO,N/A,,NO,N/A,N/A,NONE,0,"CTA_MAPPING_REQUIRED (resource_ctas empty, accepted per spec §17)",NEEDS_AUTHOR_ASSIGNMENT (accepted per spec §18),"NOT_DIRECTLY_SAMPLED -- covered by the same structural/validation checks (block-type validity, leak-pattern scan, related-content render) applied to all 84; not individually opened in the live Admin editor this pass","PASS -- real HTTP 404 (npx next start production server), noindex meta, genuine app 404 body; search/sitemap/glossary/videos listings confirmed to exclude this record's type-representative sample","PASS (0 hash/updated_at/audit churn on second real apply, see second-apply-idempotency-proof.json)",READY_FOR_HUMAN_EDITORIAL_REVIEW,"None blocking -- CTA_MAPPING_REQUIRED and NEEDS_AUTHOR_ASSIGNMENT are expected editorial-readiness states, not defects","Re-certified in the R1.7C closure pass 2026-08-21; foundational data verified live against DEV, not re-derived from the prior report alone."
DB-002,Understanding Your Debt-to-Income Ratio,Article,03,Global,GREEN,YES,draft,YES,NO,,YES,YES,1264,6 min,PASS,PASS,NO_NUMERIC_EXAMPLE_OR_NOT_APPLICABLE,NO,N/A,,NO,N/A,N/A,NONE,0,"CTA_MAPPING_REQUIRED (resource_ctas empty, accepted per spec §17)",NEEDS_AUTHOR_ASSIGNMENT (accepted per spec §18),"NOT_DIRECTLY_SAMPLED -- covered by the same structural/validation checks (block-type validity, leak-pattern scan, related-content render) applied to all 84; not individually opened in the live Admin editor this pass","PASS -- real HTTP 404 (npx next start production server), noindex meta, genuine app 404 body; search/sitemap/glossary/videos listings confirmed to exclude this record's type-representative sample","PASS (0 hash/updated_at/audit churn on second real apply, see second-apply-idempotency-proof.json)",READY_FOR_HUMAN_EDITORIAL_REVIEW,"None blocking -- CTA_MAPPING_REQUIRED and NEEDS_AUTHOR_ASSIGNMENT are expected editorial-readiness states, not defects","Re-certified in the R1.7C closure pass 2026-08-21; foundational data verified live against DEV, not re-derived from the prior report alone."
DB-003,Understanding Your Debt Service Ratio,Article,03,Global,GREEN,YES,draft,YES,NO,,YES,YES,1251,6 min,PASS,PASS,NO_NUMERIC_EXAMPLE_OR_NOT_APPLICABLE,NO,N/A,,NO,N/A,N/A,NONE,0,"CTA_MAPPING_REQUIRED (resource_ctas empty, accepted per spec §17)",NEEDS_AUTHOR_ASSIGNMENT (accepted per spec §18),"NOT_DIRECTLY_SAMPLED -- covered by the same structural/validation checks (block-type validity, leak-pattern scan, related-content render) applied to all 84; not individually opened in the live Admin editor this pass","PASS -- real HTTP 404 (npx next start production server), noindex meta, genuine app 404 body; search/sitemap/glossary/videos listings confirmed to exclude this record's type-representative sample","PASS (0 hash/updated_at/audit churn on second real apply, see second-apply-idempotency-proof.json)",READY_FOR_HUMAN_EDITORIAL_REVIEW,"None blocking -- CTA_MAPPING_REQUIRED and NEEDS_AUTHOR_ASSIGNMENT are expected editorial-readiness states, not defects","Re-certified in the R1.7C closure pass 2026-08-21; foundational data verified live against DEV, not re-derived from the prior report alone."
DB-004,How Interest Rates Affect Your Loan Repayments,Article,03,Global,GREEN,YES,draft,YES,NO,,YES,YES,1419,7 min,PASS,PASS,INDEPENDENTLY_RECOMPUTED_CORRECT,NO,N/A,,NO,N/A,N/A,NONE,0,"CTA_MAPPING_REQUIRED (resource_ctas empty, accepted per spec §17)",NEEDS_AUTHOR_ASSIGNMENT (accepted per spec §18),"NOT_DIRECTLY_SAMPLED -- covered by the same structural/validation checks (block-type validity, leak-pattern scan, related-content render) applied to all 84; not individually opened in the live Admin editor this pass","PASS -- real HTTP 404 (npx next start production server), noindex meta, genuine app 404 body; search/sitemap/glossary/videos listings confirmed to exclude this record's type-representative sample","PASS (0 hash/updated_at/audit churn on second real apply, see second-apply-idempotency-proof.json)",READY_FOR_HUMAN_EDITORIAL_REVIEW,"None blocking -- CTA_MAPPING_REQUIRED and NEEDS_AUTHOR_ASSIGNMENT are expected editorial-readiness states, not defects","Re-certified in the R1.7C closure pass 2026-08-21; foundational data verified live against DEV, not re-derived from the prior report alone."
NW-001,What Is Net Worth?,Article,04,Global,GREEN,YES,draft,YES,NO,,YES,YES,1309,7 min,PASS,PASS,INDEPENDENTLY_RECOMPUTED_CORRECT,NO,N/A,,NO,N/A,N/A,NONE,0,"CTA_MAPPING_REQUIRED (resource_ctas empty, accepted per spec §17)",NEEDS_AUTHOR_ASSIGNMENT (accepted per spec §18),"NOT_DIRECTLY_SAMPLED -- covered by the same structural/validation checks (block-type validity, leak-pattern scan, related-content render) applied to all 84; not individually opened in the live Admin editor this pass","PASS -- real HTTP 404 (npx next start production server), noindex meta, genuine app 404 body; search/sitemap/glossary/videos listings confirmed to exclude this record's type-representative sample","PASS (0 hash/updated_at/audit churn on second real apply, see second-apply-idempotency-proof.json)",READY_FOR_HUMAN_EDITORIAL_REVIEW,"None blocking -- CTA_MAPPING_REQUIRED and NEEDS_AUTHOR_ASSIGNMENT are expected editorial-readiness states, not defects","Re-certified in the R1.7C closure pass 2026-08-21; foundational data verified live against DEV, not re-derived from the prior report alone."
NW-002,Assets vs Liabilities: The Building Blocks of Net Worth,Article,04,Global,GREEN,YES,draft,YES,NO,,YES,YES,1288,6 min,PASS,PASS,INDEPENDENTLY_RECOMPUTED_CORRECT,NO,N/A,,NO,N/A,N/A,NONE,0,"CTA_MAPPING_REQUIRED (resource_ctas empty, accepted per spec §17)",NEEDS_AUTHOR_ASSIGNMENT (accepted per spec §18),"NOT_DIRECTLY_SAMPLED -- covered by the same structural/validation checks (block-type validity, leak-pattern scan, related-content render) applied to all 84; not individually opened in the live Admin editor this pass","PASS -- real HTTP 404 (npx next start production server), noindex meta, genuine app 404 body; search/sitemap/glossary/videos listings confirmed to exclude this record's type-representative sample","PASS (0 hash/updated_at/audit churn on second real apply, see second-apply-idempotency-proof.json)",READY_FOR_HUMAN_EDITORIAL_REVIEW,"None blocking -- CTA_MAPPING_REQUIRED and NEEDS_AUTHOR_ASSIGNMENT are expected editorial-readiness states, not defects","Re-certified in the R1.7C closure pass 2026-08-21; foundational data verified live against DEV, not re-derived from the prior report alone."
NW-003,Why Net Worth Can Matter More Than Salary,Article,04,Global,GREEN,YES,draft,YES,NO,,YES,YES,1176,6 min,PASS,PASS,NO_NUMERIC_EXAMPLE_OR_NOT_APPLICABLE,NO,N/A,,NO,N/A,N/A,NONE,0,"CTA_MAPPING_REQUIRED (resource_ctas empty, accepted per spec §17)",NEEDS_AUTHOR_ASSIGNMENT (accepted per spec §18),"NOT_DIRECTLY_SAMPLED -- covered by the same structural/validation checks (block-type validity, leak-pattern scan, related-content render) applied to all 84; not individually opened in the live Admin editor this pass","PASS -- real HTTP 404 (npx next start production server), noindex meta, genuine app 404 body; search/sitemap/glossary/videos listings confirmed to exclude this record's type-representative sample","PASS (0 hash/updated_at/audit churn on second real apply, see second-apply-idempotency-proof.json)",READY_FOR_HUMAN_EDITORIAL_REVIEW,"None blocking -- CTA_MAPPING_REQUIRED and NEEDS_AUTHOR_ASSIGNMENT are expected editorial-readiness states, not defects","Re-certified in the R1.7C closure pass 2026-08-21; foundational data verified live against DEV, not re-derived from the prior report alone."
NW-004,What Does Negative Net Worth Mean?,Article,04,Global,GREEN,YES,draft,YES,NO,,YES,YES,1216,6 min,PASS,PASS,INDEPENDENTLY_RECOMPUTED_CORRECT,NO,N/A,,NO,N/A,N/A,NONE,0,"CTA_MAPPING_REQUIRED (resource_ctas empty, accepted per spec §17)",NEEDS_AUTHOR_ASSIGNMENT (accepted per spec §18),"NOT_DIRECTLY_SAMPLED -- covered by the same structural/validation checks (block-type validity, leak-pattern scan, related-content render) applied to all 84; not individually opened in the live Admin editor this pass","PASS -- real HTTP 404 (npx next start production server), noindex meta, genuine app 404 body; search/sitemap/glossary/videos listings confirmed to exclude this record's type-representative sample","PASS (0 hash/updated_at/audit churn on second real apply, see second-apply-idempotency-proof.json)",READY_FOR_HUMAN_EDITORIAL_REVIEW,"None blocking -- CTA_MAPPING_REQUIRED and NEEDS_AUTHOR_ASSIGNMENT are expected editorial-readiness states, not defects","Re-certified in the R1.7C closure pass 2026-08-21; foundational data verified live against DEV, not re-derived from the prior report alone."
GL-001,How to Turn Financial Dreams into Measurable Goals,Guide,04,Global,GREEN,YES,draft,YES,NO,,YES,YES,1920,10 min,PASS,PASS,INDEPENDENTLY_RECOMPUTED_CORRECT,NO,N/A,,NO,N/A,N/A,NONE,0,"CTA_MAPPING_REQUIRED (resource_ctas empty, accepted per spec §17)",NEEDS_AUTHOR_ASSIGNMENT (accepted per spec §18),"NOT_DIRECTLY_SAMPLED -- covered by the same structural/validation checks (block-type validity, leak-pattern scan, related-content render) applied to all 84; not individually opened in the live Admin editor this pass","PASS -- real HTTP 404 (npx next start production server), noindex meta, genuine app 404 body; search/sitemap/glossary/videos listings confirmed to exclude this record's type-representative sample","PASS (0 hash/updated_at/audit churn on second real apply, see second-apply-idempotency-proof.json)",READY_FOR_HUMAN_EDITORIAL_REVIEW,"None blocking -- CTA_MAPPING_REQUIRED and NEEDS_AUTHOR_ASSIGNMENT are expected editorial-readiness states, not defects","Re-certified in the R1.7C closure pass 2026-08-21; foundational data verified live against DEV, not re-derived from the prior report alone."
GL-002,"Short-, Medium- and Long-Term Financial Goals",Article,04,Global,GREEN,YES,draft,YES,NO,,YES,YES,1330,7 min,PASS,PASS,INDEPENDENTLY_RECOMPUTED_CORRECT,NO,N/A,,NO,N/A,N/A,NONE,0,"CTA_MAPPING_REQUIRED (resource_ctas empty, accepted per spec §17)",NEEDS_AUTHOR_ASSIGNMENT (accepted per spec §18),"NOT_DIRECTLY_SAMPLED -- covered by the same structural/validation checks (block-type validity, leak-pattern scan, related-content render) applied to all 84; not individually opened in the live Admin editor this pass","PASS -- real HTTP 404 (npx next start production server), noindex meta, genuine app 404 body; search/sitemap/glossary/videos listings confirmed to exclude this record's type-representative sample","PASS (0 hash/updated_at/audit churn on second real apply, see second-apply-idempotency-proof.json)",READY_FOR_HUMAN_EDITORIAL_REVIEW,"None blocking -- CTA_MAPPING_REQUIRED and NEEDS_AUTHOR_ASSIGNMENT are expected editorial-readiness states, not defects","Re-certified in the R1.7C closure pass 2026-08-21; foundational data verified live against DEV, not re-derived from the prior report alone."
GL-003,How Inflation Changes the Future Cost of Your Goals,Article,05,Global,GREEN,YES,draft,YES,NO,,YES,YES,1461,7 min,PASS,PASS,NO_NUMERIC_EXAMPLE_OR_NOT_APPLICABLE,NO,N/A,,NO,N/A,N/A,NONE,0,"CTA_MAPPING_REQUIRED (resource_ctas empty, accepted per spec §17)",NEEDS_AUTHOR_ASSIGNMENT (accepted per spec §18),"NOT_DIRECTLY_SAMPLED -- covered by the same structural/validation checks (block-type validity, leak-pattern scan, related-content render) applied to all 84; not individually opened in the live Admin editor this pass","PASS -- real HTTP 404 (npx next start production server), noindex meta, genuine app 404 body; search/sitemap/glossary/videos listings confirmed to exclude this record's type-representative sample","PASS (0 hash/updated_at/audit churn on second real apply, see second-apply-idempotency-proof.json)",READY_FOR_HUMAN_EDITORIAL_REVIEW,"None blocking -- CTA_MAPPING_REQUIRED and NEEDS_AUTHOR_ASSIGNMENT are expected editorial-readiness states, not defects","Re-certified in the R1.7C closure pass 2026-08-21; foundational data verified live against DEV, not re-derived from the prior report alone."
IN-001,Saving vs Investing: When Does Each Make Sense?,Article,05,Global,GREEN,YES,draft,YES,NO,,YES,YES,1358,7 min,PASS,PASS,NO_NUMERIC_EXAMPLE_OR_NOT_APPLICABLE,NO,N/A,,NO,N/A,N/A,NONE,0,"CTA_MAPPING_REQUIRED (resource_ctas empty, accepted per spec §17)",NEEDS_AUTHOR_ASSIGNMENT (accepted per spec §18),"NOT_DIRECTLY_SAMPLED -- covered by the same structural/validation checks (block-type validity, leak-pattern scan, related-content render) applied to all 84; not individually opened in the live Admin editor this pass","PASS -- real HTTP 404 (npx next start production server), noindex meta, genuine app 404 body; search/sitemap/glossary/videos listings confirmed to exclude this record's type-representative sample","PASS (0 hash/updated_at/audit churn on second real apply, see second-apply-idempotency-proof.json)",READY_FOR_HUMAN_EDITORIAL_REVIEW,"None blocking -- CTA_MAPPING_REQUIRED and NEEDS_AUTHOR_ASSIGNMENT are expected editorial-readiness states, not defects","Re-certified in the R1.7C closure pass 2026-08-21; foundational data verified live against DEV, not re-derived from the prior report alone."
IN-002,Investment Risk Explained in Plain English,Article,05,Global,GREEN,YES,draft,YES,NO,,YES,YES,1343,7 min,PASS,PASS,INDEPENDENTLY_RECOMPUTED_CORRECT,NO,N/A,,NO,N/A,N/A,NONE,0,"CTA_MAPPING_REQUIRED (resource_ctas empty, accepted per spec §17)",NEEDS_AUTHOR_ASSIGNMENT (accepted per spec §18),"NOT_DIRECTLY_SAMPLED -- covered by the same structural/validation checks (block-type validity, leak-pattern scan, related-content render) applied to all 84; not individually opened in the live Admin editor this pass","PASS -- real HTTP 404 (npx next start production server), noindex meta, genuine app 404 body; search/sitemap/glossary/videos listings confirmed to exclude this record's type-representative sample","PASS (0 hash/updated_at/audit churn on second real apply, see second-apply-idempotency-proof.json)",READY_FOR_HUMAN_EDITORIAL_REVIEW,"None blocking -- CTA_MAPPING_REQUIRED and NEEDS_AUTHOR_ASSIGNMENT are expected editorial-readiness states, not defects","Re-certified in the R1.7C closure pass 2026-08-21; foundational data verified live against DEV, not re-derived from the prior report alone."
IN-003,Risk and Return: Why They Usually Move Together,Article,05,Global,GREEN,YES,draft,YES,NO,,YES,YES,1262,6 min,PASS,PASS,NO_NUMERIC_EXAMPLE_OR_NOT_APPLICABLE,NO,N/A,,NO,N/A,N/A,NONE,0,"CTA_MAPPING_REQUIRED (resource_ctas empty, accepted per spec §17)",NEEDS_AUTHOR_ASSIGNMENT (accepted per spec §18),"NOT_DIRECTLY_SAMPLED -- covered by the same structural/validation checks (block-type validity, leak-pattern scan, related-content render) applied to all 84; not individually opened in the live Admin editor this pass","PASS -- real HTTP 404 (npx next start production server), noindex meta, genuine app 404 body; search/sitemap/glossary/videos listings confirmed to exclude this record's type-representative sample","PASS (0 hash/updated_at/audit churn on second real apply, see second-apply-idempotency-proof.json)",READY_FOR_HUMAN_EDITORIAL_REVIEW,"None blocking -- CTA_MAPPING_REQUIRED and NEEDS_AUTHOR_ASSIGNMENT are expected editorial-readiness states, not defects","Re-certified in the R1.7C closure pass 2026-08-21; foundational data verified live against DEV, not re-derived from the prior report alone."
IN-004,Diversification Explained,Article,05,Global,GREEN,YES,draft,YES,NO,,YES,YES,1204,6 min,PASS,PASS,INDEPENDENTLY_RECOMPUTED_CORRECT,NO,N/A,,NO,N/A,N/A,NONE,0,"CTA_MAPPING_REQUIRED (resource_ctas empty, accepted per spec §17)",NEEDS_AUTHOR_ASSIGNMENT (accepted per spec §18),"NOT_DIRECTLY_SAMPLED -- covered by the same structural/validation checks (block-type validity, leak-pattern scan, related-content render) applied to all 84; not individually opened in the live Admin editor this pass","PASS -- real HTTP 404 (npx next start production server), noindex meta, genuine app 404 body; search/sitemap/glossary/videos listings confirmed to exclude this record's type-representative sample","PASS (0 hash/updated_at/audit churn on second real apply, see second-apply-idempotency-proof.json)",READY_FOR_HUMAN_EDITORIAL_REVIEW,"None blocking -- CTA_MAPPING_REQUIRED and NEEDS_AUTHOR_ASSIGNMENT are expected editorial-readiness states, not defects","Re-certified in the R1.7C closure pass 2026-08-21; foundational data verified live against DEV, not re-derived from the prior report alone."
IN-005,Asset Allocation Explained,Article,05,Global,GREEN,YES,draft,YES,NO,,YES,YES,1314,7 min,PASS,PASS,NO_NUMERIC_EXAMPLE_OR_NOT_APPLICABLE,NO,N/A,,NO,N/A,N/A,NONE,0,"CTA_MAPPING_REQUIRED (resource_ctas empty, accepted per spec §17)",NEEDS_AUTHOR_ASSIGNMENT (accepted per spec §18),"NOT_DIRECTLY_SAMPLED -- covered by the same structural/validation checks (block-type validity, leak-pattern scan, related-content render) applied to all 84; not individually opened in the live Admin editor this pass","PASS -- real HTTP 404 (npx next start production server), noindex meta, genuine app 404 body; search/sitemap/glossary/videos listings confirmed to exclude this record's type-representative sample","PASS (0 hash/updated_at/audit churn on second real apply, see second-apply-idempotency-proof.json)",READY_FOR_HUMAN_EDITORIAL_REVIEW,"None blocking -- CTA_MAPPING_REQUIRED and NEEDS_AUTHOR_ASSIGNMENT are expected editorial-readiness states, not defects","Re-certified in the R1.7C closure pass 2026-08-21; foundational data verified live against DEV, not re-derived from the prior report alone."
RAU-001,Superannuation Explained for Beginners,Article,06,Australia,AMBER,YES,draft,YES,NO,,YES,YES,1382,7 min,PASS,PASS,INDEPENDENTLY_RECOMPUTED_CORRECT,YES,VERIFIED_CURRENT,2026-08-20,NO,N/A,N/A,NONE,0,"CTA_MAPPING_REQUIRED (resource_ctas empty, accepted per spec §17)",NEEDS_AUTHOR_ASSIGNMENT (accepted per spec §18),"PASS -- live authenticated Admin editor+preview QA 2026-08-21, found+fixed a real CTA-instruction leak (see p0-change-log.csv), 15/15 responsive cells pass, no other corruption","PASS -- real HTTP 404 (npx next start production server), noindex meta, genuine app 404 body; search/sitemap/glossary/videos listings confirmed to exclude this record's type-representative sample","PASS (0 hash/updated_at/audit churn on second real apply, see second-apply-idempotency-proof.json)",READY_FOR_HUMAN_EDITORIAL_AND_COMPLIANCE_REVIEW,"None blocking -- CTA_MAPPING_REQUIRED and NEEDS_AUTHOR_ASSIGNMENT are expected editorial-readiness states, not defects","Re-certified in the R1.7C closure pass 2026-08-21; foundational data verified live against DEV, not re-derived from the prior report alone."
RAU-002,How Superannuation Contributions Build Retirement Savings,Article,06,Australia,AMBER,YES,draft,YES,NO,,YES,YES,1284,6 min,PASS,PASS,NO_NUMERIC_EXAMPLE_OR_NOT_APPLICABLE,YES,VERIFIED_CURRENT,2026-08-20,NO,N/A,N/A,NONE,0,"CTA_MAPPING_REQUIRED (resource_ctas empty, accepted per spec §17)",NEEDS_AUTHOR_ASSIGNMENT (accepted per spec §18),"PASS -- live authenticated Admin editor+preview QA 2026-08-21, found+fixed a real CTA-instruction leak (see p0-change-log.csv), 15/15 responsive cells pass, no other corruption","PASS -- real HTTP 404 (npx next start production server), noindex meta, genuine app 404 body; search/sitemap/glossary/videos listings confirmed to exclude this record's type-representative sample","PASS (0 hash/updated_at/audit churn on second real apply, see second-apply-idempotency-proof.json)",READY_FOR_HUMAN_EDITORIAL_AND_COMPLIANCE_REVIEW,"None blocking -- CTA_MAPPING_REQUIRED and NEEDS_AUTHOR_ASSIGNMENT are expected editorial-readiness states, not defects","Re-certified in the R1.7C closure pass 2026-08-21; foundational data verified live against DEV, not re-derived from the prior report alone."
RAU-003,Understanding Retirement Readiness in Australia,Guide,06,Australia,AMBER,YES,draft,YES,NO,,YES,YES,1764,9 min,PASS,PASS,NO_NUMERIC_EXAMPLE_OR_NOT_APPLICABLE,YES,VERIFIED_VIA_SEARCH_AGGREGATION (direct fetch blocked by sandbox network),2026-08-21,NO,N/A,N/A,NONE,0,"CTA_MAPPING_REQUIRED (resource_ctas empty, accepted per spec §17)",NEEDS_AUTHOR_ASSIGNMENT (accepted per spec §18),"NOT_DIRECTLY_SAMPLED -- covered by the same structural/validation checks (block-type validity, leak-pattern scan, related-content render) applied to all 84; not individually opened in the live Admin editor this pass","PASS -- real HTTP 404 (npx next start production server), noindex meta, genuine app 404 body; search/sitemap/glossary/videos listings confirmed to exclude this record's type-representative sample","PASS (0 hash/updated_at/audit churn on second real apply, see second-apply-idempotency-proof.json)",READY_FOR_HUMAN_EDITORIAL_AND_COMPLIANCE_REVIEW,"None blocking -- CTA_MAPPING_REQUIRED and NEEDS_AUTHOR_ASSIGNMENT are expected editorial-readiness states, not defects","Re-certified in the R1.7C closure pass 2026-08-21; foundational data verified live against DEV, not re-derived from the prior report alone."
RIN-001,EPF Explained for Beginners,Article,06,India,AMBER,YES,draft,YES,NO,,YES,YES,1233,6 min,PASS,PASS,INDEPENDENTLY_RECOMPUTED_CORRECT,YES,VERIFIED_VIA_SEARCH_AGGREGATION (direct fetch blocked by sandbox network),2026-08-21,NO,N/A,N/A,NONE,0,"CTA_MAPPING_REQUIRED (resource_ctas empty, accepted per spec §17)",NEEDS_AUTHOR_ASSIGNMENT (accepted per spec §18),"PASS -- live authenticated Admin editor+preview QA 2026-08-21, found+fixed a real CTA-instruction leak (see p0-change-log.csv), 15/15 responsive cells pass, no other corruption","PASS -- real HTTP 404 (npx next start production server), noindex meta, genuine app 404 body; search/sitemap/glossary/videos listings confirmed to exclude this record's type-representative sample","PASS (0 hash/updated_at/audit churn on second real apply, see second-apply-idempotency-proof.json)",READY_FOR_HUMAN_EDITORIAL_AND_COMPLIANCE_REVIEW,"None blocking -- CTA_MAPPING_REQUIRED and NEEDS_AUTHOR_ASSIGNMENT are expected editorial-readiness states, not defects","Re-certified in the R1.7C closure pass 2026-08-21; foundational data verified live against DEV, not re-derived from the prior report alone."
RIN-002,PPF Explained for Beginners,Article,06,India,AMBER,YES,draft,YES,NO,,YES,YES,1216,6 min,PASS,PASS,NO_NUMERIC_EXAMPLE_OR_NOT_APPLICABLE,YES,VERIFIED_VIA_SEARCH_AGGREGATION (direct fetch blocked by sandbox network),2026-08-21,NO,N/A,N/A,NONE,0,"CTA_MAPPING_REQUIRED (resource_ctas empty, accepted per spec §17)",NEEDS_AUTHOR_ASSIGNMENT (accepted per spec §18),"NOT_DIRECTLY_SAMPLED -- covered by the same structural/validation checks (block-type validity, leak-pattern scan, related-content render) applied to all 84; not individually opened in the live Admin editor this pass","PASS -- real HTTP 404 (npx next start production server), noindex meta, genuine app 404 body; search/sitemap/glossary/videos listings confirmed to exclude this record's type-representative sample","PASS (0 hash/updated_at/audit churn on second real apply, see second-apply-idempotency-proof.json)",READY_FOR_HUMAN_EDITORIAL_AND_COMPLIANCE_REVIEW,"None blocking -- CTA_MAPPING_REQUIRED and NEEDS_AUTHOR_ASSIGNMENT are expected editorial-readiness states, not defects","Re-certified in the R1.7C closure pass 2026-08-21; foundational data verified live against DEV, not re-derived from the prior report alone."
RIN-003,NPS Explained for Beginners,Article,06,India,AMBER,YES,draft,YES,NO,,YES,YES,1459,7 min,PASS,PASS,NO_NUMERIC_EXAMPLE_OR_NOT_APPLICABLE,YES,"SOURCE_VERIFICATION_REQUIRED (PFRDA 2026 exit-rule amendment confirmed to exist, not yet read in full)",2026-08-21,NO,N/A,N/A,NONE,0,"CTA_MAPPING_REQUIRED (resource_ctas empty, accepted per spec §17)",NEEDS_AUTHOR_ASSIGNMENT (accepted per spec §18),"NOT_DIRECTLY_SAMPLED -- covered by the same structural/validation checks (block-type validity, leak-pattern scan, related-content render) applied to all 84; not individually opened in the live Admin editor this pass","PASS -- real HTTP 404 (npx next start production server), noindex meta, genuine app 404 body; search/sitemap/glossary/videos listings confirmed to exclude this record's type-representative sample","PASS (0 hash/updated_at/audit churn on second real apply, see second-apply-idempotency-proof.json)",SOURCE_VERIFICATION_REQUIRED,PFRDA 2026 exit/annuitisation amendment needs full text read before publication,"Re-certified in the R1.7C closure pass 2026-08-21; foundational data verified live against DEV, not re-derived from the prior report alone."
IP-001,Why Insurance Is Part of Financial Health,Article,07,Global,AMBER,YES,draft,YES,NO,,YES,YES,1550,8 min,PASS,PASS,NO_NUMERIC_EXAMPLE_OR_NOT_APPLICABLE,YES,NOT_APPLICABLE (no date-sensitive claim),2026-08-20,NO,N/A,N/A,NONE,0,"CTA_MAPPING_REQUIRED (resource_ctas empty, accepted per spec §17)",NEEDS_AUTHOR_ASSIGNMENT (accepted per spec §18),"NOT_DIRECTLY_SAMPLED -- covered by the same structural/validation checks (block-type validity, leak-pattern scan, related-content render) applied to all 84; not individually opened in the live Admin editor this pass","PASS -- real HTTP 404 (npx next start production server), noindex meta, genuine app 404 body; search/sitemap/glossary/videos listings confirmed to exclude this record's type-representative sample","PASS (0 hash/updated_at/audit churn on second real apply, see second-apply-idempotency-proof.json)",READY_FOR_HUMAN_EDITORIAL_AND_COMPLIANCE_REVIEW,"None blocking -- CTA_MAPPING_REQUIRED and NEEDS_AUTHOR_ASSIGNMENT are expected editorial-readiness states, not defects","Re-certified in the R1.7C closure pass 2026-08-21; foundational data verified live against DEV, not re-derived from the prior report alone."
IP-002,Life Insurance Explained in Plain English,Article,07,Global,AMBER,YES,draft,YES,NO,,YES,YES,1530,8 min,PASS,PASS,INDEPENDENTLY_RECOMPUTED_CORRECT,YES,NOT_APPLICABLE (no date-sensitive claim),2026-08-20,NO,N/A,N/A,NONE,0,"CTA_MAPPING_REQUIRED (resource_ctas empty, accepted per spec §17)",NEEDS_AUTHOR_ASSIGNMENT (accepted per spec §18),"NOT_DIRECTLY_SAMPLED -- covered by the same structural/validation checks (block-type validity, leak-pattern scan, related-content render) applied to all 84; not individually opened in the live Admin editor this pass","PASS -- real HTTP 404 (npx next start production server), noindex meta, genuine app 404 body; search/sitemap/glossary/videos listings confirmed to exclude this record's type-representative sample","PASS (0 hash/updated_at/audit churn on second real apply, see second-apply-idempotency-proof.json)",READY_FOR_HUMAN_EDITORIAL_AND_COMPLIANCE_REVIEW,"None blocking -- CTA_MAPPING_REQUIRED and NEEDS_AUTHOR_ASSIGNMENT are expected editorial-readiness states, not defects","Re-certified in the R1.7C closure pass 2026-08-21; foundational data verified live against DEV, not re-derived from the prior report alone."
DN-001,Why Financial Decisions Aren't Just About Mathematics,Article,07,Global,GREEN,YES,draft,YES,NO,,YES,YES,1380,7 min,PASS,PASS,NO_NUMERIC_EXAMPLE_OR_NOT_APPLICABLE,NO,N/A,,NO,N/A,N/A,NONE,0,"CTA_MAPPING_REQUIRED (resource_ctas empty, accepted per spec §17)",NEEDS_AUTHOR_ASSIGNMENT (accepted per spec §18),"NOT_DIRECTLY_SAMPLED -- covered by the same structural/validation checks (block-type validity, leak-pattern scan, related-content render) applied to all 84; not individually opened in the live Admin editor this pass","PASS -- real HTTP 404 (npx next start production server), noindex meta, genuine app 404 body; search/sitemap/glossary/videos listings confirmed to exclude this record's type-representative sample","PASS (0 hash/updated_at/audit churn on second real apply, see second-apply-idempotency-proof.json)",READY_FOR_HUMAN_EDITORIAL_REVIEW,"None blocking -- CTA_MAPPING_REQUIRED and NEEDS_AUTHOR_ASSIGNMENT are expected editorial-readiness states, not defects","Re-certified in the R1.7C closure pass 2026-08-21; foundational data verified live against DEV, not re-derived from the prior report alone."
FC-001,Why Financial Forecasting Matters,Article,07,Global,GREEN,YES,draft,YES,NO,,YES,YES,1288,6 min,PASS,PASS,INDEPENDENTLY_RECOMPUTED_CORRECT,NO,N/A,,NO,N/A,N/A,NONE,0,"CTA_MAPPING_REQUIRED (resource_ctas empty, accepted per spec §17)",NEEDS_AUTHOR_ASSIGNMENT (accepted per spec §18),"NOT_DIRECTLY_SAMPLED -- covered by the same structural/validation checks (block-type validity, leak-pattern scan, related-content render) applied to all 84; not individually opened in the live Admin editor this pass","PASS -- real HTTP 404 (npx next start production server), noindex meta, genuine app 404 body; search/sitemap/glossary/videos listings confirmed to exclude this record's type-representative sample","PASS (0 hash/updated_at/audit churn on second real apply, see second-apply-idempotency-proof.json)",READY_FOR_HUMAN_EDITORIAL_REVIEW,"None blocking -- CTA_MAPPING_REQUIRED and NEEDS_AUTHOR_ASSIGNMENT are expected editorial-readiness states, not defects","Re-certified in the R1.7C closure pass 2026-08-21; foundational data verified live against DEV, not re-derived from the prior report alone."
FC-002,Forecast vs Prediction: What's the Difference?,Article,07,Global,GREEN,YES,draft,YES,NO,,YES,YES,1218,6 min,PASS,PASS,NO_NUMERIC_EXAMPLE_OR_NOT_APPLICABLE,NO,N/A,,NO,N/A,N/A,NONE,0,"CTA_MAPPING_REQUIRED (resource_ctas empty, accepted per spec §17)",NEEDS_AUTHOR_ASSIGNMENT (accepted per spec §18),"NOT_DIRECTLY_SAMPLED -- covered by the same structural/validation checks (block-type validity, leak-pattern scan, related-content render) applied to all 84; not individually opened in the live Admin editor this pass","PASS -- real HTTP 404 (npx next start production server), noindex meta, genuine app 404 body; search/sitemap/glossary/videos listings confirmed to exclude this record's type-representative sample","PASS (0 hash/updated_at/audit churn on second real apply, see second-apply-idempotency-proof.json)",READY_FOR_HUMAN_EDITORIAL_REVIEW,"None blocking -- CTA_MAPPING_REQUIRED and NEEDS_AUTHOR_ASSIGNMENT are expected editorial-readiness states, not defects","Re-certified in the R1.7C closure pass 2026-08-21; foundational data verified live against DEV, not re-derived from the prior report alone."
FC-003,How Future Net Worth Can Be Estimated,Article,07,Global,GREEN,YES,draft,YES,NO,,YES,YES,1639,8 min,PASS,PASS,NO_NUMERIC_EXAMPLE_OR_NOT_APPLICABLE,NO,N/A,,NO,N/A,N/A,NONE,0,"CTA_MAPPING_REQUIRED (resource_ctas empty, accepted per spec §17)",NEEDS_AUTHOR_ASSIGNMENT (accepted per spec §18),"NOT_DIRECTLY_SAMPLED -- covered by the same structural/validation checks (block-type validity, leak-pattern scan, related-content render) applied to all 84; not individually opened in the live Admin editor this pass","PASS -- real HTTP 404 (npx next start production server), noindex meta, genuine app 404 body; search/sitemap/glossary/videos listings confirmed to exclude this record's type-representative sample","PASS (0 hash/updated_at/audit churn on second real apply, see second-apply-idempotency-proof.json)",READY_FOR_HUMAN_EDITORIAL_REVIEW,"None blocking -- CTA_MAPPING_REQUIRED and NEEDS_AUTHOR_ASSIGNMENT are expected editorial-readiness states, not defects","Re-certified in the R1.7C closure pass 2026-08-21; foundational data verified live against DEV, not re-derived from the prior report alone."
CB-001,Understanding Your Financial Life Across Australia and India,Article,08,Australia-India Cross-Border,AMBER,YES,draft,YES,NO,,YES,YES,1578,8 min,PASS,PASS,INDEPENDENTLY_RECOMPUTED_CORRECT,YES,NOT_APPLICABLE (illustrative FX only),2026-08-20,NO,N/A,N/A,NONE,0,"CTA_MAPPING_REQUIRED (resource_ctas empty, accepted per spec §17)",NEEDS_AUTHOR_ASSIGNMENT (accepted per spec §18),"NOT_DIRECTLY_SAMPLED -- covered by the same structural/validation checks (block-type validity, leak-pattern scan, related-content render) applied to all 84; not individually opened in the live Admin editor this pass","PASS -- real HTTP 404 (npx next start production server), noindex meta, genuine app 404 body; search/sitemap/glossary/videos listings confirmed to exclude this record's type-representative sample","PASS (0 hash/updated_at/audit churn on second real apply, see second-apply-idempotency-proof.json)",READY_FOR_HUMAN_EDITORIAL_AND_COMPLIANCE_REVIEW,"None blocking -- CTA_MAPPING_REQUIRED and NEEDS_AUTHOR_ASSIGNMENT are expected editorial-readiness states, not defects","Re-certified in the R1.7C closure pass 2026-08-21; foundational data verified live against DEV, not re-derived from the prior report alone."
CB-002,AUD and INR Currency Risk Explained,Article,08,Australia-India Cross-Border,AMBER,YES,draft,YES,NO,,YES,YES,1417,7 min,PASS,PASS,INDEPENDENTLY_RECOMPUTED_CORRECT,YES,NOT_APPLICABLE (illustrative FX only),2026-08-20,NO,N/A,N/A,NONE,0,"CTA_MAPPING_REQUIRED (resource_ctas empty, accepted per spec §17)",NEEDS_AUTHOR_ASSIGNMENT (accepted per spec §18),"NOT_DIRECTLY_SAMPLED -- covered by the same structural/validation checks (block-type validity, leak-pattern scan, related-content render) applied to all 84; not individually opened in the live Admin editor this pass","PASS -- real HTTP 404 (npx next start production server), noindex meta, genuine app 404 body; search/sitemap/glossary/videos listings confirmed to exclude this record's type-representative sample","PASS (0 hash/updated_at/audit churn on second real apply, see second-apply-idempotency-proof.json)",READY_FOR_HUMAN_EDITORIAL_AND_COMPLIANCE_REVIEW,"None blocking -- CTA_MAPPING_REQUIRED and NEEDS_AUTHOR_ASSIGNMENT are expected editorial-readiness states, not defects","Re-certified in the R1.7C closure pass 2026-08-21; foundational data verified live against DEV, not re-derived from the prior report alone."
SB-001,What Is a Financial Health Score?,Article,08,Global,GREEN,YES,draft,YES,NO,,YES,YES,1357,7 min,PASS,PASS,NO_NUMERIC_EXAMPLE_OR_NOT_APPLICABLE,NO,N/A,,NO,N/A,N/A,NONE,0,"CTA_MAPPING_REQUIRED (resource_ctas empty, accepted per spec §17)",NEEDS_AUTHOR_ASSIGNMENT (accepted per spec §18),"NOT_DIRECTLY_SAMPLED -- covered by the same structural/validation checks (block-type validity, leak-pattern scan, related-content render) applied to all 84; not individually opened in the live Admin editor this pass","PASS -- real HTTP 404 (npx next start production server), noindex meta, genuine app 404 body; search/sitemap/glossary/videos listings confirmed to exclude this record's type-representative sample","PASS (0 hash/updated_at/audit churn on second real apply, see second-apply-idempotency-proof.json)",READY_FOR_HUMAN_EDITORIAL_REVIEW,"None blocking -- CTA_MAPPING_REQUIRED and NEEDS_AUTHOR_ASSIGNMENT are expected editorial-readiness states, not defects","Re-certified in the R1.7C closure pass 2026-08-21; foundational data verified live against DEV, not re-derived from the prior report alone."
SB-002,Why One Score Cannot Describe Your Entire Financial Position,Article,08,Global,GREEN,YES,draft,YES,NO,,YES,YES,1277,6 min,PASS,PASS,NO_NUMERIC_EXAMPLE_OR_NOT_APPLICABLE,NO,N/A,,NO,N/A,N/A,NONE,0,"CTA_MAPPING_REQUIRED (resource_ctas empty, accepted per spec §17)",NEEDS_AUTHOR_ASSIGNMENT (accepted per spec §18),"NOT_DIRECTLY_SAMPLED -- covered by the same structural/validation checks (block-type validity, leak-pattern scan, related-content render) applied to all 84; not individually opened in the live Admin editor this pass","PASS -- real HTTP 404 (npx next start production server), noindex meta, genuine app 404 body; search/sitemap/glossary/videos listings confirmed to exclude this record's type-representative sample","PASS (0 hash/updated_at/audit churn on second real apply, see second-apply-idempotency-proof.json)",READY_FOR_HUMAN_EDITORIAL_REVIEW,"None blocking -- CTA_MAPPING_REQUIRED and NEEDS_AUTHOR_ASSIGNMENT are expected editorial-readiness states, not defects","Re-certified in the R1.7C closure pass 2026-08-21; foundational data verified live against DEV, not re-derived from the prior report alone."
SB-003,"Understanding Savings, Debt and Liquidity Ratios Together",Article,08,Global,GREEN,YES,draft,YES,NO,,YES,YES,1340,7 min,PASS,PASS,INDEPENDENTLY_RECOMPUTED_CORRECT,NO,N/A,,NO,N/A,N/A,NONE,0,"CTA_MAPPING_REQUIRED (resource_ctas empty, accepted per spec §17)",NEEDS_AUTHOR_ASSIGNMENT (accepted per spec §18),"NOT_DIRECTLY_SAMPLED -- covered by the same structural/validation checks (block-type validity, leak-pattern scan, related-content render) applied to all 84; not individually opened in the live Admin editor this pass","PASS -- real HTTP 404 (npx next start production server), noindex meta, genuine app 404 body; search/sitemap/glossary/videos listings confirmed to exclude this record's type-representative sample","PASS (0 hash/updated_at/audit churn on second real apply, see second-apply-idempotency-proof.json)",READY_FOR_HUMAN_EDITORIAL_REVIEW,"None blocking -- CTA_MAPPING_REQUIRED and NEEDS_AUTHOR_ASSIGNMENT are expected editorial-readiness states, not defects","Re-certified in the R1.7C closure pass 2026-08-21; foundational data verified live against DEV, not re-derived from the prior report alone."
EX-001,How FHIP Calculates Net Worth,FHIP Explainer,08,Global,GREEN,YES,draft,YES,NO,,YES,YES,1629,8 min,PASS,PASS,INDEPENDENTLY_RECOMPUTED_CORRECT,NO,N/A,,YES,MATCHES_PRODUCTION,lib/engines/dashboard.ts:computeDashboard(),NONE,0,"CTA_MAPPING_REQUIRED (resource_ctas empty, accepted per spec §17)",NEEDS_AUTHOR_ASSIGNMENT (accepted per spec §18),"PASS -- live authenticated Admin editor+preview QA 2026-08-21, found+fixed a real CTA-instruction leak (see p0-change-log.csv), 15/15 responsive cells pass, no other corruption","PASS -- real HTTP 404 (npx next start production server), noindex meta, genuine app 404 body; search/sitemap/glossary/videos listings confirmed to exclude this record's type-representative sample","PASS (0 hash/updated_at/audit churn on second real apply, see second-apply-idempotency-proof.json)",READY_FOR_HUMAN_EDITORIAL_REVIEW,"None blocking -- CTA_MAPPING_REQUIRED and NEEDS_AUTHOR_ASSIGNMENT are expected editorial-readiness states, not defects","Re-certified in the R1.7C closure pass 2026-08-21; foundational data verified live against DEV, not re-derived from the prior report alone."
EX-002,How FHIP Calculates Cash Flow Surplus,FHIP Explainer,09,Global,GREEN,YES,draft,YES,NO,,YES,YES,1044,5 min,PASS,PASS,INDEPENDENTLY_RECOMPUTED_CORRECT,NO,N/A,,YES,MATCHES_PRODUCTION,lib/engines/dashboard.ts:computeDashboard(),CERTIFIED,1,"CTA_MAPPING_REQUIRED (resource_ctas empty, accepted per spec §17)",NEEDS_AUTHOR_ASSIGNMENT (accepted per spec §18),"NOT_DIRECTLY_SAMPLED -- covered by the same structural/validation checks (block-type validity, leak-pattern scan, related-content render) applied to all 84; not individually opened in the live Admin editor this pass","PASS -- real HTTP 404 (npx next start production server), noindex meta, genuine app 404 body; search/sitemap/glossary/videos listings confirmed to exclude this record's type-representative sample","PASS (0 hash/updated_at/audit churn on second real apply, see second-apply-idempotency-proof.json)",READY_FOR_HUMAN_EDITORIAL_REVIEW,"None blocking -- CTA_MAPPING_REQUIRED and NEEDS_AUTHOR_ASSIGNMENT are expected editorial-readiness states, not defects","Re-certified in the R1.7C closure pass 2026-08-21; foundational data verified live against DEV, not re-derived from the prior report alone."
EX-003,How FHIP Calculates Savings Rate,FHIP Explainer,09,Global,GREEN,YES,draft,YES,NO,,YES,YES,1000,5 min,PASS,PASS,INDEPENDENTLY_RECOMPUTED_CORRECT,NO,N/A,,YES,MATCHES_PRODUCTION,lib/engines/dashboard.ts:computeDashboard(),NONE,0,"CTA_MAPPING_REQUIRED (resource_ctas empty, accepted per spec §17)",NEEDS_AUTHOR_ASSIGNMENT (accepted per spec §18),"NOT_DIRECTLY_SAMPLED -- covered by the same structural/validation checks (block-type validity, leak-pattern scan, related-content render) applied to all 84; not individually opened in the live Admin editor this pass","PASS -- real HTTP 404 (npx next start production server), noindex meta, genuine app 404 body; search/sitemap/glossary/videos listings confirmed to exclude this record's type-representative sample","PASS (0 hash/updated_at/audit churn on second real apply, see second-apply-idempotency-proof.json)",READY_FOR_HUMAN_EDITORIAL_REVIEW,"None blocking -- CTA_MAPPING_REQUIRED and NEEDS_AUTHOR_ASSIGNMENT are expected editorial-readiness states, not defects","Re-certified in the R1.7C closure pass 2026-08-21; foundational data verified live against DEV, not re-derived from the prior report alone."
EX-004,How FHIP Measures Emergency Fund Coverage,FHIP Explainer,09,Global,GREEN,YES,draft,YES,NO,,YES,YES,968,5 min,PASS,PASS,INDEPENDENTLY_RECOMPUTED_CORRECT,NO,N/A,,YES,MATCHES_PRODUCTION,lib/engines/dashboard.ts:computeDashboard(),NONE,0,"CTA_MAPPING_REQUIRED (resource_ctas empty, accepted per spec §17)",NEEDS_AUTHOR_ASSIGNMENT (accepted per spec §18),"NOT_DIRECTLY_SAMPLED -- covered by the same structural/validation checks (block-type validity, leak-pattern scan, related-content render) applied to all 84; not individually opened in the live Admin editor this pass","PASS -- real HTTP 404 (npx next start production server), noindex meta, genuine app 404 body; search/sitemap/glossary/videos listings confirmed to exclude this record's type-representative sample","PASS (0 hash/updated_at/audit churn on second real apply, see second-apply-idempotency-proof.json)",READY_FOR_HUMAN_EDITORIAL_REVIEW,"None blocking -- CTA_MAPPING_REQUIRED and NEEDS_AUTHOR_ASSIGNMENT are expected editorial-readiness states, not defects","Re-certified in the R1.7C closure pass 2026-08-21; foundational data verified live against DEV, not re-derived from the prior report alone."
EX-005,How FHIP Calculates Debt-to-Income Ratio,FHIP Explainer,09,Global,GREEN,YES,draft,YES,NO,,YES,YES,989,5 min,PASS,PASS,INDEPENDENTLY_RECOMPUTED_CORRECT,NO,N/A,,YES,MATCHES_PRODUCTION,lib/engines/dashboard.ts:computeDashboard(),NONE,0,"CTA_MAPPING_REQUIRED (resource_ctas empty, accepted per spec §17)",NEEDS_AUTHOR_ASSIGNMENT (accepted per spec §18),"NOT_DIRECTLY_SAMPLED -- covered by the same structural/validation checks (block-type validity, leak-pattern scan, related-content render) applied to all 84; not individually opened in the live Admin editor this pass","PASS -- real HTTP 404 (npx next start production server), noindex meta, genuine app 404 body; search/sitemap/glossary/videos listings confirmed to exclude this record's type-representative sample","PASS (0 hash/updated_at/audit churn on second real apply, see second-apply-idempotency-proof.json)",READY_FOR_HUMAN_EDITORIAL_REVIEW,"None blocking -- CTA_MAPPING_REQUIRED and NEEDS_AUTHOR_ASSIGNMENT are expected editorial-readiness states, not defects","Re-certified in the R1.7C closure pass 2026-08-21; foundational data verified live against DEV, not re-derived from the prior report alone."
EX-006,How FHIP Calculates Debt Service Ratio,FHIP Explainer,09,Global,GREEN,YES,draft,YES,NO,,YES,YES,990,5 min,PASS,PASS,INDEPENDENTLY_RECOMPUTED_CORRECT,NO,N/A,,YES,MATCHES_PRODUCTION (net-income-preferred/gross-fallback confirmed correct+intentional by PO),lib/engines/dashboard.ts:computeDashboard(),NONE,0,"CTA_MAPPING_REQUIRED (resource_ctas empty, accepted per spec §17)",NEEDS_AUTHOR_ASSIGNMENT (accepted per spec §18),"NOT_DIRECTLY_SAMPLED -- covered by the same structural/validation checks (block-type validity, leak-pattern scan, related-content render) applied to all 84; not individually opened in the live Admin editor this pass","PASS -- real HTTP 404 (npx next start production server), noindex meta, genuine app 404 body; search/sitemap/glossary/videos listings confirmed to exclude this record's type-representative sample","PASS (0 hash/updated_at/audit churn on second real apply, see second-apply-idempotency-proof.json)",READY_FOR_HUMAN_EDITORIAL_REVIEW,"None blocking -- CTA_MAPPING_REQUIRED and NEEDS_AUTHOR_ASSIGNMENT are expected editorial-readiness states, not defects","Re-certified in the R1.7C closure pass 2026-08-21; foundational data verified live against DEV, not re-derived from the prior report alone."
EX-007,How FHIP Measures Financial Resilience,FHIP Explainer,09,Global,GREEN,YES,draft,YES,NO,,YES,YES,1503,8 min,PASS,PASS,NO_NUMERIC_EXAMPLE_OR_NOT_APPLICABLE,NO,N/A,,YES,MATCHES_PRODUCTION (architecture-level),lib/engines/resilience.ts:computeResilience(),NONE,0,"CTA_MAPPING_REQUIRED (resource_ctas empty, accepted per spec §17)",NEEDS_AUTHOR_ASSIGNMENT (accepted per spec §18),"NOT_DIRECTLY_SAMPLED -- covered by the same structural/validation checks (block-type validity, leak-pattern scan, related-content render) applied to all 84; not individually opened in the live Admin editor this pass","PASS -- real HTTP 404 (npx next start production server), noindex meta, genuine app 404 body; search/sitemap/glossary/videos listings confirmed to exclude this record's type-representative sample","PASS (0 hash/updated_at/audit churn on second real apply, see second-apply-idempotency-proof.json)",READY_FOR_HUMAN_EDITORIAL_REVIEW,"None blocking -- CTA_MAPPING_REQUIRED and NEEDS_AUTHOR_ASSIGNMENT are expected editorial-readiness states, not defects","Re-certified in the R1.7C closure pass 2026-08-21; foundational data verified live against DEV, not re-derived from the prior report alone."
EX-008,How FHIP Calculates the Financial Health Score,FHIP Explainer,10,Global,GREEN,YES,draft,YES,NO,,YES,YES,1222,6 min,PASS,PASS,NO_NUMERIC_EXAMPLE_OR_NOT_APPLICABLE,NO,N/A,,YES,"MATCHES_PRODUCTION (architecture-level, config-driven weights confirmed)",lib/engines/healthScore.ts,NONE,0,"CTA_MAPPING_REQUIRED (resource_ctas empty, accepted per spec §17)",NEEDS_AUTHOR_ASSIGNMENT (accepted per spec §18),"NOT_DIRECTLY_SAMPLED -- covered by the same structural/validation checks (block-type validity, leak-pattern scan, related-content render) applied to all 84; not individually opened in the live Admin editor this pass","PASS -- real HTTP 404 (npx next start production server), noindex meta, genuine app 404 body; search/sitemap/glossary/videos listings confirmed to exclude this record's type-representative sample","PASS (0 hash/updated_at/audit churn on second real apply, see second-apply-idempotency-proof.json)",READY_FOR_HUMAN_EDITORIAL_REVIEW,"None blocking -- CTA_MAPPING_REQUIRED and NEEDS_AUTHOR_ASSIGNMENT are expected editorial-readiness states, not defects","Re-certified in the R1.7C closure pass 2026-08-21; foundational data verified live against DEV, not re-derived from the prior report alone."
EX-009,How to Read the FHIP Financial Health Score,FHIP Explainer,10,Global,GREEN,YES,draft,YES,NO,,YES,YES,1102,6 min,PASS,PASS,NO_NUMERIC_EXAMPLE_OR_NOT_APPLICABLE,NO,N/A,,YES,MATCHES_PRODUCTION (architecture-level),lib/engines/healthScore.ts,NONE,0,"CTA_MAPPING_REQUIRED (resource_ctas empty, accepted per spec §17)",NEEDS_AUTHOR_ASSIGNMENT (accepted per spec §18),"NOT_DIRECTLY_SAMPLED -- covered by the same structural/validation checks (block-type validity, leak-pattern scan, related-content render) applied to all 84; not individually opened in the live Admin editor this pass","PASS -- real HTTP 404 (npx next start production server), noindex meta, genuine app 404 body; search/sitemap/glossary/videos listings confirmed to exclude this record's type-representative sample","PASS (0 hash/updated_at/audit churn on second real apply, see second-apply-idempotency-proof.json)",READY_FOR_HUMAN_EDITORIAL_REVIEW,"None blocking -- CTA_MAPPING_REQUIRED and NEEDS_AUTHOR_ASSIGNMENT are expected editorial-readiness states, not defects","Re-certified in the R1.7C closure pass 2026-08-21; foundational data verified live against DEV, not re-derived from the prior report alone."
EX-010,How FHIP Measures Goal Readiness,FHIP Explainer,10,Global,GREEN,YES,draft,YES,NO,,YES,YES,1153,6 min,PASS,PASS,INDEPENDENTLY_RECOMPUTED_CORRECT,NO,N/A,,YES,MATCHES_PRODUCTION,lib/engines/goalForecast.ts (status/forecastFundingPct),NONE,0,"CTA_MAPPING_REQUIRED (resource_ctas empty, accepted per spec §17)",NEEDS_AUTHOR_ASSIGNMENT (accepted per spec §18),"NOT_DIRECTLY_SAMPLED -- covered by the same structural/validation checks (block-type validity, leak-pattern scan, related-content render) applied to all 84; not individually opened in the live Admin editor this pass","PASS -- real HTTP 404 (npx next start production server), noindex meta, genuine app 404 body; search/sitemap/glossary/videos listings confirmed to exclude this record's type-representative sample","PASS (0 hash/updated_at/audit churn on second real apply, see second-apply-idempotency-proof.json)",READY_FOR_HUMAN_EDITORIAL_REVIEW,"None blocking -- CTA_MAPPING_REQUIRED and NEEDS_AUTHOR_ASSIGNMENT are expected editorial-readiness states, not defects","Re-certified in the R1.7C closure pass 2026-08-21; foundational data verified live against DEV, not re-derived from the prior report alone."
EX-011,How FHIP Tracks Goal Funding Progress,FHIP Explainer,10,Global,GREEN,YES,draft,YES,NO,,YES,YES,1108,6 min,PASS,PASS,INDEPENDENTLY_RECOMPUTED_CORRECT,NO,N/A,,YES,MATCHES_PRODUCTION,lib/engines/goalForecast.ts (progressPct),NONE,0,"CTA_MAPPING_REQUIRED (resource_ctas empty, accepted per spec §17)",NEEDS_AUTHOR_ASSIGNMENT (accepted per spec §18),"NOT_DIRECTLY_SAMPLED -- covered by the same structural/validation checks (block-type validity, leak-pattern scan, related-content render) applied to all 84; not individually opened in the live Admin editor this pass","PASS -- real HTTP 404 (npx next start production server), noindex meta, genuine app 404 body; search/sitemap/glossary/videos listings confirmed to exclude this record's type-representative sample","PASS (0 hash/updated_at/audit churn on second real apply, see second-apply-idempotency-proof.json)",READY_FOR_HUMAN_EDITORIAL_REVIEW,"None blocking -- CTA_MAPPING_REQUIRED and NEEDS_AUTHOR_ASSIGNMENT are expected editorial-readiness states, not defects","Re-certified in the R1.7C closure pass 2026-08-21; foundational data verified live against DEV, not re-derived from the prior report alone."
EX-012,How FHIP Measures Retirement Readiness,FHIP Explainer,10,Global,GREEN,YES,draft,YES,NO,,YES,YES,1129,6 min,PASS,PASS,NO_NUMERIC_EXAMPLE_OR_NOT_APPLICABLE,NO,N/A,,YES,MATCHES_PRODUCTION (architecture-level),lib/engines/forecast/retirementCalculator.ts,NONE,0,"CTA_MAPPING_REQUIRED (resource_ctas empty, accepted per spec §17)",NEEDS_AUTHOR_ASSIGNMENT (accepted per spec §18),"NOT_DIRECTLY_SAMPLED -- covered by the same structural/validation checks (block-type validity, leak-pattern scan, related-content render) applied to all 84; not individually opened in the live Admin editor this pass","PASS -- real HTTP 404 (npx next start production server), noindex meta, genuine app 404 body; search/sitemap/glossary/videos listings confirmed to exclude this record's type-representative sample","PASS (0 hash/updated_at/audit churn on second real apply, see second-apply-idempotency-proof.json)",READY_FOR_HUMAN_EDITORIAL_REVIEW,"None blocking -- CTA_MAPPING_REQUIRED and NEEDS_AUTHOR_ASSIGNMENT are expected editorial-readiness states, not defects","Re-certified in the R1.7C closure pass 2026-08-21; foundational data verified live against DEV, not re-derived from the prior report alone."
EX-025,How to Read Your FHIP Free Report,FHIP Explainer,10,Global,GREEN,YES,draft,YES,NO,,YES,YES,1638,8 min,PASS,PASS,NO_NUMERIC_EXAMPLE_OR_NOT_APPLICABLE,NO,N/A,,YES,MATCHES_PRODUCTION (architecture-level),lib/engines/reportSections.ts:buildReportSections(),NONE,0,"CTA_MAPPING_REQUIRED (resource_ctas empty, accepted per spec §17)",NEEDS_AUTHOR_ASSIGNMENT (accepted per spec §18),"NOT_DIRECTLY_SAMPLED -- covered by the same structural/validation checks (block-type validity, leak-pattern scan, related-content render) applied to all 84; not individually opened in the live Admin editor this pass","PASS -- real HTTP 404 (npx next start production server), noindex meta, genuine app 404 body; search/sitemap/glossary/videos listings confirmed to exclude this record's type-representative sample","PASS (0 hash/updated_at/audit churn on second real apply, see second-apply-idempotency-proof.json)",READY_FOR_HUMAN_EDITORIAL_REVIEW,"None blocking -- CTA_MAPPING_REQUIRED and NEEDS_AUTHOR_ASSIGNMENT are expected editorial-readiness states, not defects","Re-certified in the R1.7C closure pass 2026-08-21; foundational data verified live against DEV, not re-derived from the prior report alone."
EX-026,How to Read Your FHIP Premium Report,FHIP Explainer,11,Global,GREEN,YES,draft,YES,NO,,YES,YES,1373,7 min,PASS,PASS,NO_NUMERIC_EXAMPLE_OR_NOT_APPLICABLE,NO,N/A,,YES,MATCHES_PRODUCTION (architecture-level),lib/engines/reportSectionsPremium.ts:buildPremiumSections(),NONE,0,"CTA_MAPPING_REQUIRED (resource_ctas empty, accepted per spec §17)",NEEDS_AUTHOR_ASSIGNMENT (accepted per spec §18),"NOT_DIRECTLY_SAMPLED -- covered by the same structural/validation checks (block-type validity, leak-pattern scan, related-content render) applied to all 84; not individually opened in the live Admin editor this pass","PASS -- real HTTP 404 (npx next start production server), noindex meta, genuine app 404 body; search/sitemap/glossary/videos listings confirmed to exclude this record's type-representative sample","PASS (0 hash/updated_at/audit churn on second real apply, see second-apply-idempotency-proof.json)",READY_FOR_HUMAN_EDITORIAL_REVIEW,"None blocking -- CTA_MAPPING_REQUIRED and NEEDS_AUTHOR_ASSIGNMENT are expected editorial-readiness states, not defects","Re-certified in the R1.7C closure pass 2026-08-21; foundational data verified live against DEV, not re-derived from the prior report alone."
VID-001,What Is Financial Health? | GKTC x FHIP,Video,11,Global,GREEN,YES,draft,YES,NO,,YES,YES,830,4 min,PASS,PASS,NO_NUMERIC_EXAMPLE_OR_NOT_APPLICABLE,NO,N/A,,NO,N/A,N/A,CERTIFIED,2,"CTA_MAPPING_REQUIRED (resource_ctas empty, accepted per spec §17)",NEEDS_AUTHOR_ASSIGNMENT (accepted per spec §18),"PASS -- live authenticated Admin editor+preview QA 2026-08-21, found+fixed a real CTA-instruction leak (see p0-change-log.csv), 15/15 responsive cells pass, no other corruption","PASS -- real HTTP 404 (npx next start production server), noindex meta, genuine app 404 body; search/sitemap/glossary/videos listings confirmed to exclude this record's type-representative sample","PASS (0 hash/updated_at/audit churn on second real apply, see second-apply-idempotency-proof.json)",VIDEO_SCRIPT_READY_AWAITING_YOUTUBE,"None blocking -- CTA_MAPPING_REQUIRED and NEEDS_AUTHOR_ASSIGNMENT are expected editorial-readiness states, not defects","Re-certified in the R1.7C closure pass 2026-08-21; foundational data verified live against DEV, not re-derived from the prior report alone."
VID-002,7 Numbers Every Household Should Know,Video,11,Global,GREEN,YES,draft,YES,NO,,YES,YES,787,4 min,PASS,PASS,NO_NUMERIC_EXAMPLE_OR_NOT_APPLICABLE,NO,N/A,,NO,N/A,N/A,CERTIFIED,2,"CTA_MAPPING_REQUIRED (resource_ctas empty, accepted per spec §17)",NEEDS_AUTHOR_ASSIGNMENT (accepted per spec §18),"NOT_DIRECTLY_SAMPLED -- covered by the same structural/validation checks (block-type validity, leak-pattern scan, related-content render) applied to all 84; not individually opened in the live Admin editor this pass","PASS -- real HTTP 404 (npx next start production server), noindex meta, genuine app 404 body; search/sitemap/glossary/videos listings confirmed to exclude this record's type-representative sample","PASS (0 hash/updated_at/audit churn on second real apply, see second-apply-idempotency-proof.json)",VIDEO_SCRIPT_READY_AWAITING_YOUTUBE,"None blocking -- CTA_MAPPING_REQUIRED and NEEDS_AUTHOR_ASSIGNMENT are expected editorial-readiness states, not defects","Re-certified in the R1.7C closure pass 2026-08-21; foundational data verified live against DEV, not re-derived from the prior report alone."
VID-003,Net Worth Explained in 5 Minutes,Video,11,Global,GREEN,YES,draft,YES,NO,,YES,YES,630,3 min,PASS,PASS,INDEPENDENTLY_RECOMPUTED_CORRECT,NO,N/A,,NO,N/A,N/A,CERTIFIED,3,"CTA_MAPPING_REQUIRED (resource_ctas empty, accepted per spec §17)",NEEDS_AUTHOR_ASSIGNMENT (accepted per spec §18),"NOT_DIRECTLY_SAMPLED -- covered by the same structural/validation checks (block-type validity, leak-pattern scan, related-content render) applied to all 84; not individually opened in the live Admin editor this pass","PASS -- real HTTP 404 (npx next start production server), noindex meta, genuine app 404 body; search/sitemap/glossary/videos listings confirmed to exclude this record's type-representative sample","PASS (0 hash/updated_at/audit churn on second real apply, see second-apply-idempotency-proof.json)",VIDEO_SCRIPT_READY_AWAITING_YOUTUBE,"None blocking -- CTA_MAPPING_REQUIRED and NEEDS_AUTHOR_ASSIGNMENT are expected editorial-readiness states, not defects","Re-certified in the R1.7C closure pass 2026-08-21; foundational data verified live against DEV, not re-derived from the prior report alone."
VID-004,Savings Rate: The Number That Shows What You Keep,Video,11,Global,GREEN,YES,draft,YES,NO,,YES,YES,627,3 min,PASS,PASS,INDEPENDENTLY_RECOMPUTED_CORRECT,NO,N/A,,NO,N/A,N/A,CERTIFIED,4,"CTA_MAPPING_REQUIRED (resource_ctas empty, accepted per spec §17)",NEEDS_AUTHOR_ASSIGNMENT (accepted per spec §18),"NOT_DIRECTLY_SAMPLED -- covered by the same structural/validation checks (block-type validity, leak-pattern scan, related-content render) applied to all 84; not individually opened in the live Admin editor this pass","PASS -- real HTTP 404 (npx next start production server), noindex meta, genuine app 404 body; search/sitemap/glossary/videos listings confirmed to exclude this record's type-representative sample","PASS (0 hash/updated_at/audit churn on second real apply, see second-apply-idempotency-proof.json)",VIDEO_SCRIPT_READY_AWAITING_YOUTUBE,"None blocking -- CTA_MAPPING_REQUIRED and NEEDS_AUTHOR_ASSIGNMENT are expected editorial-readiness states, not defects","Re-certified in the R1.7C closure pass 2026-08-21; foundational data verified live against DEV, not re-derived from the prior report alone."
VID-005,How Much Emergency Fund Do You Really Need?,Video,11,Global,GREEN,YES,draft,YES,NO,,YES,YES,833,4 min,PASS,PASS,NO_NUMERIC_EXAMPLE_OR_NOT_APPLICABLE,NO,N/A,,NO,N/A,N/A,CERTIFIED,4,"CTA_MAPPING_REQUIRED (resource_ctas empty, accepted per spec §17)",NEEDS_AUTHOR_ASSIGNMENT (accepted per spec §18),"NOT_DIRECTLY_SAMPLED -- covered by the same structural/validation checks (block-type validity, leak-pattern scan, related-content render) applied to all 84; not individually opened in the live Admin editor this pass","PASS -- real HTTP 404 (npx next start production server), noindex meta, genuine app 404 body; search/sitemap/glossary/videos listings confirmed to exclude this record's type-representative sample","PASS (0 hash/updated_at/audit churn on second real apply, see second-apply-idempotency-proof.json)",VIDEO_SCRIPT_READY_AWAITING_YOUTUBE,"None blocking -- CTA_MAPPING_REQUIRED and NEEDS_AUTHOR_ASSIGNMENT are expected editorial-readiness states, not defects","Re-certified in the R1.7C closure pass 2026-08-21; foundational data verified live against DEV, not re-derived from the prior report alone."
VID-006,Debt-to-Income Ratio Explained,Video,12,Global,GREEN,YES,draft,YES,NO,,YES,YES,606,3 min,PASS,PASS,NO_NUMERIC_EXAMPLE_OR_NOT_APPLICABLE,NO,N/A,,NO,N/A,N/A,CERTIFIED,3,"CTA_MAPPING_REQUIRED (resource_ctas empty, accepted per spec §17)",NEEDS_AUTHOR_ASSIGNMENT (accepted per spec §18),"NOT_DIRECTLY_SAMPLED -- covered by the same structural/validation checks (block-type validity, leak-pattern scan, related-content render) applied to all 84; not individually opened in the live Admin editor this pass","PASS -- real HTTP 404 (npx next start production server), noindex meta, genuine app 404 body; search/sitemap/glossary/videos listings confirmed to exclude this record's type-representative sample","PASS (0 hash/updated_at/audit churn on second real apply, see second-apply-idempotency-proof.json)",VIDEO_SCRIPT_READY_AWAITING_YOUTUBE,"None blocking -- CTA_MAPPING_REQUIRED and NEEDS_AUTHOR_ASSIGNMENT are expected editorial-readiness states, not defects","Re-certified in the R1.7C closure pass 2026-08-21; foundational data verified live against DEV, not re-derived from the prior report alone."
VID-007,Financial Resilience: Can Your Finances Absorb a Shock?,Video,12,Global,GREEN,YES,draft,YES,NO,,YES,YES,656,3 min,PASS,PASS,NO_NUMERIC_EXAMPLE_OR_NOT_APPLICABLE,NO,N/A,,NO,N/A,N/A,CERTIFIED,3,"CTA_MAPPING_REQUIRED (resource_ctas empty, accepted per spec §17)",NEEDS_AUTHOR_ASSIGNMENT (accepted per spec §18),"NOT_DIRECTLY_SAMPLED -- covered by the same structural/validation checks (block-type validity, leak-pattern scan, related-content render) applied to all 84; not individually opened in the live Admin editor this pass","PASS -- real HTTP 404 (npx next start production server), noindex meta, genuine app 404 body; search/sitemap/glossary/videos listings confirmed to exclude this record's type-representative sample","PASS (0 hash/updated_at/audit churn on second real apply, see second-apply-idempotency-proof.json)",VIDEO_SCRIPT_READY_AWAITING_YOUTUBE,"None blocking -- CTA_MAPPING_REQUIRED and NEEDS_AUTHOR_ASSIGNMENT are expected editorial-readiness states, not defects","Re-certified in the R1.7C closure pass 2026-08-21; foundational data verified live against DEV, not re-derived from the prior report alone."
VID-008,Compounding Explained Visually,Video,12,Global,GREEN,YES,draft,YES,NO,,YES,YES,638,3 min,PASS,PASS,NO_NUMERIC_EXAMPLE_OR_NOT_APPLICABLE,NO,N/A,,NO,N/A,N/A,NONE,0,"CTA_MAPPING_REQUIRED (resource_ctas empty, accepted per spec §17)",NEEDS_AUTHOR_ASSIGNMENT (accepted per spec §18),"NOT_DIRECTLY_SAMPLED -- covered by the same structural/validation checks (block-type validity, leak-pattern scan, related-content render) applied to all 84; not individually opened in the live Admin editor this pass","PASS -- real HTTP 404 (npx next start production server), noindex meta, genuine app 404 body; search/sitemap/glossary/videos listings confirmed to exclude this record's type-representative sample","PASS (0 hash/updated_at/audit churn on second real apply, see second-apply-idempotency-proof.json)",VIDEO_SCRIPT_READY_AWAITING_YOUTUBE,"None blocking -- CTA_MAPPING_REQUIRED and NEEDS_AUTHOR_ASSIGNMENT are expected editorial-readiness states, not defects","Re-certified in the R1.7C closure pass 2026-08-21; foundational data verified live against DEV, not re-derived from the prior report alone."
GLO-001,Asset,Glossary,12,Global,GREEN,YES,draft,YES,NO,,YES,YES,230,1 min,PASS,PASS,N/A,NO,N/A,,NO,N/A,N/A,CERTIFIED,2,"CTA_MAPPING_REQUIRED (resource_ctas empty, accepted per spec §17)",NEEDS_AUTHOR_ASSIGNMENT (accepted per spec §18),"PASS -- live authenticated Admin editor+preview QA 2026-08-21, found+fixed a real CTA-instruction leak (see p0-change-log.csv), 15/15 responsive cells pass, no other corruption","PASS -- real HTTP 404 (npx next start production server), noindex meta, genuine app 404 body; search/sitemap/glossary/videos listings confirmed to exclude this record's type-representative sample","PASS (0 hash/updated_at/audit churn on second real apply, see second-apply-idempotency-proof.json)",READY_FOR_HUMAN_EDITORIAL_REVIEW,"None blocking -- CTA_MAPPING_REQUIRED and NEEDS_AUTHOR_ASSIGNMENT are expected editorial-readiness states, not defects","Re-certified in the R1.7C closure pass 2026-08-21; foundational data verified live against DEV, not re-derived from the prior report alone."
GLO-002,Liability,Glossary,12,Global,GREEN,YES,draft,YES,NO,,YES,YES,217,1 min,PASS,PASS,N/A,NO,N/A,,NO,N/A,N/A,CERTIFIED,3,"CTA_MAPPING_REQUIRED (resource_ctas empty, accepted per spec §17)",NEEDS_AUTHOR_ASSIGNMENT (accepted per spec §18),"NOT_DIRECTLY_SAMPLED -- covered by the same structural/validation checks (block-type validity, leak-pattern scan, related-content render) applied to all 84; not individually opened in the live Admin editor this pass","PASS -- real HTTP 404 (npx next start production server), noindex meta, genuine app 404 body; search/sitemap/glossary/videos listings confirmed to exclude this record's type-representative sample","PASS (0 hash/updated_at/audit churn on second real apply, see second-apply-idempotency-proof.json)",READY_FOR_HUMAN_EDITORIAL_REVIEW,"None blocking -- CTA_MAPPING_REQUIRED and NEEDS_AUTHOR_ASSIGNMENT are expected editorial-readiness states, not defects","Re-certified in the R1.7C closure pass 2026-08-21; foundational data verified live against DEV, not re-derived from the prior report alone."
GLO-003,Net Worth,Glossary,12,Global,GREEN,YES,draft,YES,NO,,YES,YES,322,2 min,PASS,PASS,N/A,NO,N/A,,NO,N/A,N/A,CERTIFIED,3,"CTA_MAPPING_REQUIRED (resource_ctas empty, accepted per spec §17)",NEEDS_AUTHOR_ASSIGNMENT (accepted per spec §18),"NOT_DIRECTLY_SAMPLED -- covered by the same structural/validation checks (block-type validity, leak-pattern scan, related-content render) applied to all 84; not individually opened in the live Admin editor this pass","PASS -- real HTTP 404 (npx next start production server), noindex meta, genuine app 404 body; search/sitemap/glossary/videos listings confirmed to exclude this record's type-representative sample","PASS (0 hash/updated_at/audit churn on second real apply, see second-apply-idempotency-proof.json)",READY_FOR_HUMAN_EDITORIAL_REVIEW,"None blocking -- CTA_MAPPING_REQUIRED and NEEDS_AUTHOR_ASSIGNMENT are expected editorial-readiness states, not defects","Re-certified in the R1.7C closure pass 2026-08-21; foundational data verified live against DEV, not re-derived from the prior report alone."
GLO-004,Gross Income,Glossary,13,Global,GREEN,YES,draft,YES,NO,,YES,YES,228,1 min,PASS,PASS,N/A,NO,N/A,,NO,N/A,N/A,CERTIFIED,2,"CTA_MAPPING_REQUIRED (resource_ctas empty, accepted per spec §17)",NEEDS_AUTHOR_ASSIGNMENT (accepted per spec §18),"NOT_DIRECTLY_SAMPLED -- covered by the same structural/validation checks (block-type validity, leak-pattern scan, related-content render) applied to all 84; not individually opened in the live Admin editor this pass","PASS -- real HTTP 404 (npx next start production server), noindex meta, genuine app 404 body; search/sitemap/glossary/videos listings confirmed to exclude this record's type-representative sample","PASS (0 hash/updated_at/audit churn on second real apply, see second-apply-idempotency-proof.json)",READY_FOR_HUMAN_EDITORIAL_REVIEW,"None blocking -- CTA_MAPPING_REQUIRED and NEEDS_AUTHOR_ASSIGNMENT are expected editorial-readiness states, not defects","Re-certified in the R1.7C closure pass 2026-08-21; foundational data verified live against DEV, not re-derived from the prior report alone."
GLO-005,Net Income,Glossary,13,Global,GREEN,YES,draft,YES,NO,,YES,YES,214,1 min,PASS,PASS,N/A,NO,N/A,,NO,N/A,N/A,CERTIFIED,4,"CTA_MAPPING_REQUIRED (resource_ctas empty, accepted per spec §17)",NEEDS_AUTHOR_ASSIGNMENT (accepted per spec §18),"NOT_DIRECTLY_SAMPLED -- covered by the same structural/validation checks (block-type validity, leak-pattern scan, related-content render) applied to all 84; not individually opened in the live Admin editor this pass","PASS -- real HTTP 404 (npx next start production server), noindex meta, genuine app 404 body; search/sitemap/glossary/videos listings confirmed to exclude this record's type-representative sample","PASS (0 hash/updated_at/audit churn on second real apply, see second-apply-idempotency-proof.json)",READY_FOR_HUMAN_EDITORIAL_REVIEW,"None blocking -- CTA_MAPPING_REQUIRED and NEEDS_AUTHOR_ASSIGNMENT are expected editorial-readiness states, not defects","Re-certified in the R1.7C closure pass 2026-08-21; foundational data verified live against DEV, not re-derived from the prior report alone."
GLO-006,Cash Flow,Glossary,13,Global,GREEN,YES,draft,YES,NO,,YES,YES,223,1 min,PASS,PASS,N/A,NO,N/A,,NO,N/A,N/A,CERTIFIED,4,"CTA_MAPPING_REQUIRED (resource_ctas empty, accepted per spec §17)",NEEDS_AUTHOR_ASSIGNMENT (accepted per spec §18),"NOT_DIRECTLY_SAMPLED -- covered by the same structural/validation checks (block-type validity, leak-pattern scan, related-content render) applied to all 84; not individually opened in the live Admin editor this pass","PASS -- real HTTP 404 (npx next start production server), noindex meta, genuine app 404 body; search/sitemap/glossary/videos listings confirmed to exclude this record's type-representative sample","PASS (0 hash/updated_at/audit churn on second real apply, see second-apply-idempotency-proof.json)",READY_FOR_HUMAN_EDITORIAL_REVIEW,"None blocking -- CTA_MAPPING_REQUIRED and NEEDS_AUTHOR_ASSIGNMENT are expected editorial-readiness states, not defects","Re-certified in the R1.7C closure pass 2026-08-21; foundational data verified live against DEV, not re-derived from the prior report alone."
GLO-007,Cash Flow Surplus,Glossary,13,Global,GREEN,YES,draft,YES,NO,,YES,YES,214,1 min,PASS,PASS,N/A,NO,N/A,,NO,N/A,N/A,CERTIFIED,3,"CTA_MAPPING_REQUIRED (resource_ctas empty, accepted per spec §17)",NEEDS_AUTHOR_ASSIGNMENT (accepted per spec §18),"NOT_DIRECTLY_SAMPLED -- covered by the same structural/validation checks (block-type validity, leak-pattern scan, related-content render) applied to all 84; not individually opened in the live Admin editor this pass","PASS -- real HTTP 404 (npx next start production server), noindex meta, genuine app 404 body; search/sitemap/glossary/videos listings confirmed to exclude this record's type-representative sample","PASS (0 hash/updated_at/audit churn on second real apply, see second-apply-idempotency-proof.json)",READY_FOR_HUMAN_EDITORIAL_REVIEW,"None blocking -- CTA_MAPPING_REQUIRED and NEEDS_AUTHOR_ASSIGNMENT are expected editorial-readiness states, not defects","Re-certified in the R1.7C closure pass 2026-08-21; foundational data verified live against DEV, not re-derived from the prior report alone."
GLO-008,Cash Flow Deficit,Glossary,13,Global,GREEN,YES,draft,YES,NO,,YES,YES,230,1 min,PASS,PASS,N/A,NO,N/A,,NO,N/A,N/A,CERTIFIED,4,"CTA_MAPPING_REQUIRED (resource_ctas empty, accepted per spec §17)",NEEDS_AUTHOR_ASSIGNMENT (accepted per spec §18),"NOT_DIRECTLY_SAMPLED -- covered by the same structural/validation checks (block-type validity, leak-pattern scan, related-content render) applied to all 84; not individually opened in the live Admin editor this pass","PASS -- real HTTP 404 (npx next start production server), noindex meta, genuine app 404 body; search/sitemap/glossary/videos listings confirmed to exclude this record's type-representative sample","PASS (0 hash/updated_at/audit churn on second real apply, see second-apply-idempotency-proof.json)",READY_FOR_HUMAN_EDITORIAL_REVIEW,"None blocking -- CTA_MAPPING_REQUIRED and NEEDS_AUTHOR_ASSIGNMENT are expected editorial-readiness states, not defects","Re-certified in the R1.7C closure pass 2026-08-21; foundational data verified live against DEV, not re-derived from the prior report alone."
GLO-009,Fixed Expense,Glossary,13,Global,GREEN,YES,draft,YES,NO,,YES,YES,303,2 min,PASS,PASS,N/A,NO,N/A,,NO,N/A,N/A,CERTIFIED,5,"CTA_MAPPING_REQUIRED (resource_ctas empty, accepted per spec §17)",NEEDS_AUTHOR_ASSIGNMENT (accepted per spec §18),"NOT_DIRECTLY_SAMPLED -- covered by the same structural/validation checks (block-type validity, leak-pattern scan, related-content render) applied to all 84; not individually opened in the live Admin editor this pass","PASS -- real HTTP 404 (npx next start production server), noindex meta, genuine app 404 body; search/sitemap/glossary/videos listings confirmed to exclude this record's type-representative sample","PASS (0 hash/updated_at/audit churn on second real apply, see second-apply-idempotency-proof.json)",READY_FOR_HUMAN_EDITORIAL_REVIEW,"None blocking -- CTA_MAPPING_REQUIRED and NEEDS_AUTHOR_ASSIGNMENT are expected editorial-readiness states, not defects","Re-certified in the R1.7C closure pass 2026-08-21; foundational data verified live against DEV, not re-derived from the prior report alone."
GLO-010,Variable Expense,Glossary,14,Global,GREEN,YES,draft,YES,NO,,YES,YES,192,1 min,PASS,PASS,N/A,NO,N/A,,NO,N/A,N/A,CERTIFIED,3,"CTA_MAPPING_REQUIRED (resource_ctas empty, accepted per spec §17)",NEEDS_AUTHOR_ASSIGNMENT (accepted per spec §18),"NOT_DIRECTLY_SAMPLED -- covered by the same structural/validation checks (block-type validity, leak-pattern scan, related-content render) applied to all 84; not individually opened in the live Admin editor this pass","PASS -- real HTTP 404 (npx next start production server), noindex meta, genuine app 404 body; search/sitemap/glossary/videos listings confirmed to exclude this record's type-representative sample","PASS (0 hash/updated_at/audit churn on second real apply, see second-apply-idempotency-proof.json)",READY_FOR_HUMAN_EDITORIAL_REVIEW,"None blocking -- CTA_MAPPING_REQUIRED and NEEDS_AUTHOR_ASSIGNMENT are expected editorial-readiness states, not defects","Re-certified in the R1.7C closure pass 2026-08-21; foundational data verified live against DEV, not re-derived from the prior report alone."
GLO-011,Essential Expense,Glossary,14,Global,GREEN,YES,draft,YES,NO,,YES,YES,214,1 min,PASS,PASS,N/A,NO,N/A,,NO,N/A,N/A,CERTIFIED,4,"CTA_MAPPING_REQUIRED (resource_ctas empty, accepted per spec §17)",NEEDS_AUTHOR_ASSIGNMENT (accepted per spec §18),"NOT_DIRECTLY_SAMPLED -- covered by the same structural/validation checks (block-type validity, leak-pattern scan, related-content render) applied to all 84; not individually opened in the live Admin editor this pass","PASS -- real HTTP 404 (npx next start production server), noindex meta, genuine app 404 body; search/sitemap/glossary/videos listings confirmed to exclude this record's type-representative sample","PASS (0 hash/updated_at/audit churn on second real apply, see second-apply-idempotency-proof.json)",READY_FOR_HUMAN_EDITORIAL_REVIEW,"None blocking -- CTA_MAPPING_REQUIRED and NEEDS_AUTHOR_ASSIGNMENT are expected editorial-readiness states, not defects","Re-certified in the R1.7C closure pass 2026-08-21; foundational data verified live against DEV, not re-derived from the prior report alone."
GLO-012,Discretionary Expense,Glossary,14,Global,GREEN,YES,draft,YES,NO,,YES,YES,205,1 min,PASS,PASS,N/A,NO,N/A,,NO,N/A,N/A,CERTIFIED,3,"CTA_MAPPING_REQUIRED (resource_ctas empty, accepted per spec §17)",NEEDS_AUTHOR_ASSIGNMENT (accepted per spec §18),"NOT_DIRECTLY_SAMPLED -- covered by the same structural/validation checks (block-type validity, leak-pattern scan, related-content render) applied to all 84; not individually opened in the live Admin editor this pass","PASS -- real HTTP 404 (npx next start production server), noindex meta, genuine app 404 body; search/sitemap/glossary/videos listings confirmed to exclude this record's type-representative sample","PASS (0 hash/updated_at/audit churn on second real apply, see second-apply-idempotency-proof.json)",READY_FOR_HUMAN_EDITORIAL_REVIEW,"None blocking -- CTA_MAPPING_REQUIRED and NEEDS_AUTHOR_ASSIGNMENT are expected editorial-readiness states, not defects","Re-certified in the R1.7C closure pass 2026-08-21; foundational data verified live against DEV, not re-derived from the prior report alone."
GLO-013,Savings Rate,Glossary,14,Global,GREEN,YES,draft,YES,NO,,YES,YES,245,1 min,PASS,PASS,N/A,NO,N/A,,NO,N/A,N/A,CERTIFIED,5,"CTA_MAPPING_REQUIRED (resource_ctas empty, accepted per spec §17)",NEEDS_AUTHOR_ASSIGNMENT (accepted per spec §18),"NOT_DIRECTLY_SAMPLED -- covered by the same structural/validation checks (block-type validity, leak-pattern scan, related-content render) applied to all 84; not individually opened in the live Admin editor this pass","PASS -- real HTTP 404 (npx next start production server), noindex meta, genuine app 404 body; search/sitemap/glossary/videos listings confirmed to exclude this record's type-representative sample","PASS (0 hash/updated_at/audit churn on second real apply, see second-apply-idempotency-proof.json)",READY_FOR_HUMAN_EDITORIAL_REVIEW,"None blocking -- CTA_MAPPING_REQUIRED and NEEDS_AUTHOR_ASSIGNMENT are expected editorial-readiness states, not defects","Re-certified in the R1.7C closure pass 2026-08-21; foundational data verified live against DEV, not re-derived from the prior report alone."
GLO-014,Emergency Fund,Glossary,14,Global,GREEN,YES,draft,YES,NO,,YES,YES,232,1 min,PASS,PASS,N/A,NO,N/A,,NO,N/A,N/A,CERTIFIED,4,"CTA_MAPPING_REQUIRED (resource_ctas empty, accepted per spec §17)",NEEDS_AUTHOR_ASSIGNMENT (accepted per spec §18),"NOT_DIRECTLY_SAMPLED -- covered by the same structural/validation checks (block-type validity, leak-pattern scan, related-content render) applied to all 84; not individually opened in the live Admin editor this pass","PASS -- real HTTP 404 (npx next start production server), noindex meta, genuine app 404 body; search/sitemap/glossary/videos listings confirmed to exclude this record's type-representative sample","PASS (0 hash/updated_at/audit churn on second real apply, see second-apply-idempotency-proof.json)",READY_FOR_HUMAN_EDITORIAL_REVIEW,"None blocking -- CTA_MAPPING_REQUIRED and NEEDS_AUTHOR_ASSIGNMENT are expected editorial-readiness states, not defects","Re-certified in the R1.7C closure pass 2026-08-21; foundational data verified live against DEV, not re-derived from the prior report alone."
GLO-015,Liquidity,Glossary,14,Global,GREEN,YES,draft,YES,NO,,YES,YES,370,2 min,PASS,PASS,N/A,NO,N/A,,NO,N/A,N/A,CERTIFIED,6,"CTA_MAPPING_REQUIRED (resource_ctas empty, accepted per spec §17)",NEEDS_AUTHOR_ASSIGNMENT (accepted per spec §18),"NOT_DIRECTLY_SAMPLED -- covered by the same structural/validation checks (block-type validity, leak-pattern scan, related-content render) applied to all 84; not individually opened in the live Admin editor this pass","PASS -- real HTTP 404 (npx next start production server), noindex meta, genuine app 404 body; search/sitemap/glossary/videos listings confirmed to exclude this record's type-representative sample","PASS (0 hash/updated_at/audit churn on second real apply, see second-apply-idempotency-proof.json)",READY_FOR_HUMAN_EDITORIAL_REVIEW,"None blocking -- CTA_MAPPING_REQUIRED and NEEDS_AUTHOR_ASSIGNMENT are expected editorial-readiness states, not defects","Re-certified in the R1.7C closure pass 2026-08-21; foundational data verified live against DEV, not re-derived from the prior report alone."