obs_id,dataset_no,release_name,release_date,obs_period_label,obs_period_start,obs_period_end,reference_date,measure_code,measure_label,statistic,value,unit,price_basis,population,geography,dim_age_band,dim_sex,dim_household_type,dim_urban_rural,dim_state,dim_category,dim_other,source_file,source_url,source_table,source_locator,status,notes
W2-016987,5,APRA letter to ADIs: Activation of debt-to-income limits as a macroprudential policy tool,2025-11-27,from 1 February 2026 (open-ended; no end date stated),2026-02-01,,2026-02-01,apra_dti_limit_dti_threshold_owner_occupier,High-DTI threshold: loan counts as high DTI when DTI >= this multiple of income,threshold,6,ratio (multiple of borrower gross income),n/a,new owner-occupier residential mortgage loans funded by ADIs (term loans secured by residential property in Australia; all ADIs; exemptions apply),Australia,,,,,,owner-occupier,DTI per ARS 223.0: credit limit of all borrower debts / gross income,apra_n2.html (letter) + apra_dti_impl.pdf,https://www.apra.gov.au/news-and-publications/activation-debt-income-limits-macroprudential-policy-tool,"Letter, Annex A / Implementation details PDF","Letter: body para 3 (bullets ""Effective 1 February 2026 ... DTI greater or equal to six times""); Implementation details PDF p.2 ""Limits""",OK,Effective date exactly as in the notice (1 Feb 2026); NOT backfilled to any earlier date. Reconfirmed unchanged in APRA media release 28/05/2026.
W2-016988,5,APRA letter to ADIs: Activation of debt-to-income limits as a macroprudential policy tool,2025-11-27,from 1 February 2026 (open-ended; no end date stated),2026-02-01,,2026-02-01,apra_dti_limit_max_share_new_lending_owner_occupier,Maximum share of new loans funded that may be at high DTI (>= 6x),rate,20,percent of new lending (cap),n/a,new owner-occupier residential mortgage loans funded by ADIs (term loans secured by residential property in Australia; all ADIs; exemptions apply),Australia,,,,,,owner-occupier,SFIs: quarterly measure; non-SFIs: rolling four-quarter measure; limit applied separately to owner-occupier and investor lending,apra_n2.html (letter) + apra_dti_impl.pdf,https://www.apra.gov.au/news-and-publications/activation-debt-income-limits-macroprudential-policy-tool,"Letter, Annex A / Implementation details PDF","Letter: body para 3 (bullets ""Up to 20 per cent of new ... loans""); Implementation details PDF p.2 ""Limits""",OK,"Cap is on the share of each ADI's new loans funded at DTI>=6x, by cohort. Exempt: new-dwelling construction, newly erected dwelling purchase, owner-occupied bridging finance (Letter Annex A ""Exemptions""; PDF p.3). Reconfirmed unchanged 28/05/2026."
W2-016989,5,APRA letter to ADIs: Activation of debt-to-income limits as a macroprudential policy tool,2025-11-27,from 1 February 2026 (open-ended; no end date stated),2026-02-01,,2026-02-01,apra_dti_limit_dti_threshold_investment,High-DTI threshold: loan counts as high DTI when DTI >= this multiple of income,threshold,6,ratio (multiple of borrower gross income),n/a,new investment residential mortgage loans funded by ADIs (term loans secured by residential property in Australia; all ADIs; exemptions apply),Australia,,,,,,investment,DTI per ARS 223.0: credit limit of all borrower debts / gross income,apra_n2.html (letter) + apra_dti_impl.pdf,https://www.apra.gov.au/news-and-publications/activation-debt-income-limits-macroprudential-policy-tool,"Letter, Annex A / Implementation details PDF","Letter: body para 3 (bullets ""Effective 1 February 2026 ... DTI greater or equal to six times""); Implementation details PDF p.2 ""Limits""",OK,Effective date exactly as in the notice (1 Feb 2026); NOT backfilled to any earlier date. Reconfirmed unchanged in APRA media release 28/05/2026.
W2-016990,5,APRA letter to ADIs: Activation of debt-to-income limits as a macroprudential policy tool,2025-11-27,from 1 February 2026 (open-ended; no end date stated),2026-02-01,,2026-02-01,apra_dti_limit_max_share_new_lending_investment,Maximum share of new loans funded that may be at high DTI (>= 6x),rate,20,percent of new lending (cap),n/a,new investment residential mortgage loans funded by ADIs (term loans secured by residential property in Australia; all ADIs; exemptions apply),Australia,,,,,,investment,SFIs: quarterly measure; non-SFIs: rolling four-quarter measure; limit applied separately to owner-occupier and investor lending,apra_n2.html (letter) + apra_dti_impl.pdf,https://www.apra.gov.au/news-and-publications/activation-debt-income-limits-macroprudential-policy-tool,"Letter, Annex A / Implementation details PDF","Letter: body para 3 (bullets ""Up to 20 per cent of new ... loans""); Implementation details PDF p.2 ""Limits""",OK,"Cap is on the share of each ADI's new loans funded at DTI>=6x, by cohort. Exempt: new-dwelling construction, newly erected dwelling purchase, owner-occupied bridging finance (Letter Annex A ""Exemptions""; PDF p.3). Reconfirmed unchanged 28/05/2026."
W2-016991,5,"APS 220 Credit Risk Management (Authorised Version F2022L01576, registered 05/12/2022; in force 1 January 2023)",2022-12-05,Attachment C requirements applicable from 1 September 2022 (per APRA letter 14/06/2022),2022-09-01,,2022-09-01,apra_aps220_attC_dti_capability_threshold_4x,DTI multiples at which an ADI must be able to limit lending (capability only - NOT an active limit),threshold,4,ratio (multiple of income),n/a,ADIs: residential mortgage lending (ability to limit lending with DTI >= 4x or >= 6x),Australia,,,,,,capability / pre-positioning requirement,no flow-limit percentage and no active limit stated in APS 220,aps220_F2022L01576.pdf,https://www.legislation.gov.au/F2022L01576/asmade/2022-12-05/text/original/pdf,APS 220 Attachment C,"PDF p.34 (Attachment C - 32), paragraph 7(a); limits power at paragraph 112 (p.23); one-month notice paragraph 9 (p.35)",OK,This documents that ADIs must be able to limit DTI>=4x or >=6x lending; it did not itself set any limit. The active 6x / 20% limit was set by the 27/11/2025 notice with effect 01/02/2026. Do not use as a historical threshold series.
W2-016992,5,"APS 220 Credit Risk Management (Authorised Version F2022L01576, registered 05/12/2022; in force 1 January 2023)",2022-12-05,Attachment C requirements applicable from 1 September 2022 (per APRA letter 14/06/2022),2022-09-01,,2022-09-01,apra_aps220_attC_dti_capability_threshold_6x,DTI multiples at which an ADI must be able to limit lending (capability only - NOT an active limit),threshold,6,ratio (multiple of income),n/a,ADIs: residential mortgage lending (ability to limit lending with DTI >= 4x or >= 6x),Australia,,,,,,capability / pre-positioning requirement,no flow-limit percentage and no active limit stated in APS 220,aps220_F2022L01576.pdf,https://www.legislation.gov.au/F2022L01576/asmade/2022-12-05/text/original/pdf,APS 220 Attachment C,"PDF p.34 (Attachment C - 32), paragraph 7(a); limits power at paragraph 112 (p.23); one-month notice paragraph 9 (p.35)",OK,This documents that ADIs must be able to limit DTI>=4x or >=6x lending; it did not itself set any limit. The active 6x / 20% limit was set by the 27/11/2025 notice with effect 01/02/2026. Do not use as a historical threshold series.
W2-016993,5,APRA information paper: Activating debt-to-income limits as a macroprudential policy tool,2025-11-27,September quarter 2025 (quarter ended 30/09/2025),2025-07-01,2025-09-30,,apra_context_high_dti_share_new_investor_lending,"Share of new investor lending at high DTI (DTI >= 6x), all ADIs - stated as approximate",share,10,"percent (approximate, ""around 10 per cent"")",n/a,"new investor loans, all ADIs (observed outcome, not a limit)",Australia,,,,,,investment,,apra_n1.html,https://www.apra.gov.au/news-and-publications/activating-debt-income-limits-macroprudential-policy-tool,"Information paper, section ""Why APRA is activating a DTI lending limit now""","paragraph beginning ""While high DTI lending in aggregate remains low"" and next paragraph (Graph 4 not read)",OK,"Text figure only (""around 10 per cent ... the highest since 2023""); chart values not extracted. Context, not a threshold."
W2-016994,5,APRA information paper: Activating debt-to-income limits as a macroprudential policy tool,2025-11-27,"period not unambiguous in text (stated as start of ""the year to the September quarter 2025"")",,,,apra_context_high_dti_share_new_investor_lending_year_earlier,"Share of new investor lending at high DTI (DTI >= 6x), all ADIs - earlier comparison point",share,8,percent (approximate),n/a,"new investor loans, all ADIs (observed outcome, not a limit)",Australia,,,,,,investment,,apra_n1.html,https://www.apra.gov.au/news-and-publications/activating-debt-income-limits-macroprudential-policy-tool,"Information paper, section ""Why APRA is activating a DTI lending limit now""","paragraph ""APRA's limit on high DTI lending will apply..."" (""increased from 8 per cent to around 10 per cent ... over the year to the September quarter 2025"")",NEEDS_MANUAL_CHECK,Exact quarter of the 8 percent not stated in the text (likely September quarter 2024); confirm against Graph 4 before use.
W2-016995,5,APRA information paper: Activating debt-to-income limits as a macroprudential policy tool,2025-11-27,"""over the past two decades"" (end point not dated in text)",,,,apra_context_aggregate_household_indebtedness,"Aggregate household indebtedness, increased from around 155 to 180 (units/definition not stated in text; chart 1.3 is household debt to income)",other,180,"percent (as stated: ""per cent"")",n/a,aggregate household sector (APRA text; definition not stated),Australia,,,,,,,,apra_n1.html,https://www.apra.gov.au/news-and-publications/activating-debt-income-limits-macroprudential-policy-tool,"Information paper, section ""Activating a new macroprudential policy tool""","paragraph ""High household indebtedness is a key vulnerability..."" (also start value 155 not extracted as a separate row)",NEEDS_MANUAL_CHECK,"Text says increased ""from around 155 to 180 per cent""; end date and measure (ratio to household income presumed from Appendix chart title ""Household debt to income"") not confirmed. Do not use as a dated figure without checking Chart 1.3. Different measure from ABS macro and survey rows."
