Module,Master Key (category.item_key),Display Name,Current Status,Current Visibility Logic,Proposed Scope,Home Jurisdiction(s),Cross-Border Existing Allowed,Cross-Border New Creation,Calculation Dependency,Migration Required,Risk
income,income.employment_salary,Employment Salary,active,country_applicability=NULL (unrestricted) - correct as-is unless PO identifies a hidden jurisdiction dependency,GLOBAL,"ALL (AU, IN, and any future supported country)",YES (n/a - already global),YES (n/a - already global),"Net income, cash flow, DSR/DTI, Forecasting income projection",NONE,LOW
income,income.bonus,Bonus,active,country_applicability=NULL (unrestricted) - correct as-is unless PO identifies a hidden jurisdiction dependency,GLOBAL,"ALL (AU, IN, and any future supported country)",YES (n/a - already global),YES (n/a - already global),"Net income, cash flow, DSR/DTI, Forecasting income projection",NONE,LOW
income,income.commission,Commission,active,country_applicability=NULL (unrestricted) - correct as-is unless PO identifies a hidden jurisdiction dependency,GLOBAL,"ALL (AU, IN, and any future supported country)",YES (n/a - already global),YES (n/a - already global),"Net income, cash flow, DSR/DTI, Forecasting income projection",NONE,LOW
income,income.overtime,Overtime,active,country_applicability=NULL (unrestricted) - correct as-is unless PO identifies a hidden jurisdiction dependency,GLOBAL,"ALL (AU, IN, and any future supported country)",YES (n/a - already global),YES (n/a - already global),"Net income, cash flow, DSR/DTI, Forecasting income projection",NONE,LOW
income,income.director_fees,Director Fees,active,country_applicability=NULL (unrestricted) - correct as-is unless PO identifies a hidden jurisdiction dependency,GLOBAL,"ALL (AU, IN, and any future supported country)",YES (n/a - already global),YES (n/a - already global),"Net income, cash flow, DSR/DTI, Forecasting income projection",NONE,LOW
income,income.consulting_income,Consulting Income,active,country_applicability=NULL (unrestricted) - correct as-is unless PO identifies a hidden jurisdiction dependency,GLOBAL,"ALL (AU, IN, and any future supported country)",YES (n/a - already global),YES (n/a - already global),"Net income, cash flow, DSR/DTI, Forecasting income projection",NONE,LOW
income,income.business_income,Business Income,active,country_applicability=NULL (unrestricted) - correct as-is unless PO identifies a hidden jurisdiction dependency,GLOBAL,"ALL (AU, IN, and any future supported country)",YES (n/a - already global),YES (n/a - already global),"Net income, cash flow, DSR/DTI, Forecasting income projection",NONE,LOW
income,income.self_employed_income,Self-employed Income,active,country_applicability=NULL (unrestricted) - correct as-is unless PO identifies a hidden jurisdiction dependency,GLOBAL,"ALL (AU, IN, and any future supported country)",YES (n/a - already global),YES (n/a - already global),"Net income, cash flow, DSR/DTI, Forecasting income projection",NONE,LOW
income,income.partnership_distribution,Partnership Distribution,active,country_applicability=NULL (unrestricted) - correct as-is unless PO identifies a hidden jurisdiction dependency,GLOBAL,"ALL (AU, IN, and any future supported country)",YES (n/a - already global),YES (n/a - already global),"Net income, cash flow, DSR/DTI, Forecasting income projection",NONE,LOW
income,income.trust_distribution,Trust Distribution,active,country_applicability=NULL (unrestricted) - correct as-is unless PO identifies a hidden jurisdiction dependency,GLOBAL,"ALL (AU, IN, and any future supported country)",YES (n/a - already global),YES (n/a - already global),"Net income, cash flow, DSR/DTI, Forecasting income projection",NONE,LOW
income,income.rental_income,Rental Income,active,country_applicability=NULL (unrestricted) - correct as-is unless PO identifies a hidden jurisdiction dependency,GLOBAL,"ALL (AU, IN, and any future supported country)",YES (n/a - already global),YES (n/a - already global),"Net income, cash flow, DSR/DTI, Forecasting income projection",NONE,LOW
income,income.airbnb_income,Airbnb Income,active,country_applicability=NULL (unrestricted) - correct as-is unless PO identifies a hidden jurisdiction dependency,GLOBAL,"ALL (AU, IN, and any future supported country)",YES (n/a - already global),YES (n/a - already global),"Net income, cash flow, DSR/DTI, Forecasting income projection",NONE,LOW
income,income.interest_income,Interest Income,active,country_applicability=NULL (unrestricted) - correct as-is unless PO identifies a hidden jurisdiction dependency,GLOBAL,"ALL (AU, IN, and any future supported country)",YES (n/a - already global),YES (n/a - already global),"Net income, cash flow, DSR/DTI, Forecasting income projection",NONE,LOW
income,income.dividend_income,Dividend Income,active,country_applicability=NULL (unrestricted) - correct as-is unless PO identifies a hidden jurisdiction dependency,GLOBAL,"ALL (AU, IN, and any future supported country)",YES (n/a - already global),YES (n/a - already global),"Net income, cash flow, DSR/DTI, Forecasting income projection",NONE,LOW
income,income.managed_fund_distribution,Managed Fund Distribution,active,country_applicability=NULL (unrestricted) - correct as-is unless PO identifies a hidden jurisdiction dependency,GLOBAL,"ALL (AU, IN, and any future supported country)",YES (n/a - already global),YES (n/a - already global),"Net income, cash flow, DSR/DTI, Forecasting income projection",NONE,LOW
income,income.capital_gains,Capital Gains,active,country_applicability=NULL (unrestricted) - correct as-is unless PO identifies a hidden jurisdiction dependency,GLOBAL,"ALL (AU, IN, and any future supported country)",YES (n/a - already global),YES (n/a - already global),"Net income, cash flow, DSR/DTI, Forecasting income projection",NONE,LOW
income,income.government_pension,Government Pension,active,country_applicability=NULL (unrestricted) - correct as-is unless PO identifies a hidden jurisdiction dependency,GLOBAL,"ALL (AU, IN, and any future supported country)",YES (n/a - already global),YES (n/a - already global),"Net income, cash flow, DSR/DTI, Forecasting income projection",NONE,LOW
income,income.age_pension,Age Pension,active,country_applicability=NULL today (unrestricted) - offered to every user regardless of home jurisdiction,HOME_OR_CROSS_BORDER_COUNTRY(AU) - PRODUCT OWNER APPROVED 2026-08-27 (Decision PO-2a/c),AU,"YES - existing records preserved regardless of class (PO-2, approved)",YES - if AU is primary OR explicitly enabled as a cross-border country (PO-2 approved; not yet enforced - Wave 2/3). Rationale: government benefit scheme analogous to PO-2(a)'s named AU structures (government co-contribution).,"Net income, cash flow, DSR/DTI, Forecasting income projection",YES if restricted (country_applicability backfill),"LOW (Wave 1 candidate; catalogue-only, no calc engine change)"
income,income.disability_pension,Disability Pension,active,country_applicability=NULL (unrestricted) - correct as-is unless PO identifies a hidden jurisdiction dependency,GLOBAL,"ALL (AU, IN, and any future supported country)",YES (n/a - already global),YES (n/a - already global),"Net income, cash flow, DSR/DTI, Forecasting income projection",NONE,LOW
income,income.child_support_received,Child Support Received,active,country_applicability=NULL (unrestricted) - correct as-is unless PO identifies a hidden jurisdiction dependency,GLOBAL,"ALL (AU, IN, and any future supported country)",YES (n/a - already global),YES (n/a - already global),"Net income, cash flow, DSR/DTI, Forecasting income projection",NONE,LOW
income,income.family_tax_benefit,Family Tax Benefit,active,country_applicability=NULL today (unrestricted) - offered to every user regardless of home jurisdiction,HOME_OR_CROSS_BORDER_COUNTRY(AU) - PRODUCT OWNER APPROVED 2026-08-27 (Decision PO-2a/c),AU,"YES - existing records preserved regardless of class (PO-2, approved)",YES - if AU is primary OR explicitly enabled as a cross-border country (PO-2 approved; not yet enforced - Wave 2/3). Rationale: government benefit scheme analogous to PO-2(a)'s named AU structures (government co-contribution).,"Net income, cash flow, DSR/DTI, Forecasting income projection",YES if restricted (country_applicability backfill),"LOW (Wave 1 candidate; catalogue-only, no calc engine change)"
income,income.super_pension,Super Pension,active,country_applicability=NULL (unrestricted) - correct as-is unless PO identifies a hidden jurisdiction dependency,GLOBAL,"ALL (AU, IN, and any future supported country)",YES (n/a - already global),YES (n/a - already global),"Net income, cash flow, DSR/DTI, Forecasting income projection",NONE,LOW
income,income.annuity_income,Annuity Income,active,country_applicability=NULL (unrestricted) - correct as-is unless PO identifies a hidden jurisdiction dependency,GLOBAL,"ALL (AU, IN, and any future supported country)",YES (n/a - already global),YES (n/a - already global),"Net income, cash flow, DSR/DTI, Forecasting income projection",NONE,LOW
income,income.overseas_income,Overseas Income,active,"country_applicability=NULL (unrestricted) - correct, this item is inherently cross-border","GLOBAL (cross-border-signalling by name) - updated 2026-08-27 for consistency with the five-class model, 01-canonical-architecture.md §7; not restricted, not GLOBAL_WITH_JURISDICTION_VARIANT (no jurisdiction-specific label variant needed - the name itself already signals cross-border relevance)",ALL (item itself denotes a cross-border relationship),YES (this is its entire purpose),YES (no restriction; correct as-is),"Net income, cash flow, DSR/DTI, Forecasting income projection",NONE,LOW
income,income.royalty_income,Royalty Income,active,country_applicability=NULL (unrestricted) - correct as-is unless PO identifies a hidden jurisdiction dependency,GLOBAL,"ALL (AU, IN, and any future supported country)",YES (n/a - already global),YES (n/a - already global),"Net income, cash flow, DSR/DTI, Forecasting income projection",NONE,LOW
income,income.other_regular_income,Other Regular Income,active,country_applicability=NULL (unrestricted) - correct as-is unless PO identifies a hidden jurisdiction dependency,GLOBAL,"ALL (AU, IN, and any future supported country)",YES (n/a - already global),YES (n/a - already global),"Net income, cash flow, DSR/DTI, Forecasting income projection",NONE,LOW
income,income.other_one_off_income,Other One-off Income,active,country_applicability=NULL (unrestricted) - correct as-is unless PO identifies a hidden jurisdiction dependency,GLOBAL,"ALL (AU, IN, and any future supported country)",YES (n/a - already global),YES (n/a - already global),"Net income, cash flow, DSR/DTI, Forecasting income projection",NONE,LOW
expense,expense.mortgage,Mortgage,active,country_applicability=NULL (unrestricted) - correct as-is unless PO identifies a hidden jurisdiction dependency,GLOBAL,"ALL (AU, IN, and any future supported country)",YES (n/a - already global),YES (n/a - already global),"Cash flow, surplus/savings rate, Forecasting expense projection, Resilience",NONE,LOW
expense,expense.rent,Rent,active,country_applicability=NULL (unrestricted) - correct as-is unless PO identifies a hidden jurisdiction dependency,GLOBAL,"ALL (AU, IN, and any future supported country)",YES (n/a - already global),YES (n/a - already global),"Cash flow, surplus/savings rate, Forecasting expense projection, Resilience",NONE,LOW
expense,expense.body_corporate,Body Corporate,active,country_applicability=NULL today (unrestricted) - offered to every user regardless of home jurisdiction,GLOBAL_WITH_JURISDICTION_VARIANT - PRODUCT OWNER APPROVED 2026-08-27 (Decision PO-2b),AU,"YES - existing records preserved regardless of class (PO-2, approved)","YES - GLOBAL, available to every user; only label/help/description vary by jurisdiction (PO-2 approved; not yet enforced - Wave 2 terminology work). Rationale: global concept (strata/owners corporation/body-corporate fees) in AU terminology (PO-2b, explicitly named).","Cash flow, surplus/savings rate, Forecasting expense projection, Resilience",YES if restricted (country_applicability backfill),"LOW (Wave 1 candidate; catalogue-only, no calc engine change)"
expense,expense.council_rates,Council Rates,active,country_applicability=NULL today (unrestricted) - offered to every user regardless of home jurisdiction,GLOBAL_WITH_JURISDICTION_VARIANT - PRODUCT OWNER APPROVED 2026-08-27 (Decision PO-2b),AU,"YES - existing records preserved regardless of class (PO-2, approved)","YES - GLOBAL, available to every user; only label/help/description vary by jurisdiction (PO-2 approved; not yet enforced - Wave 2 terminology work). Rationale: global concept (property tax/council rates) in AU terminology (PO-2b, explicitly named).","Cash flow, surplus/savings rate, Forecasting expense projection, Resilience",YES if restricted (country_applicability backfill),"LOW (Wave 1 candidate; catalogue-only, no calc engine change)"
expense,expense.water_rates,Water Rates,active,country_applicability=NULL (unrestricted) - correct as-is unless PO identifies a hidden jurisdiction dependency,GLOBAL,"ALL (AU, IN, and any future supported country)",YES (n/a - already global),YES (n/a - already global),"Cash flow, surplus/savings rate, Forecasting expense projection, Resilience",NONE,LOW
expense,expense.home_insurance,Home Insurance,active,country_applicability=NULL (unrestricted) - correct as-is unless PO identifies a hidden jurisdiction dependency,GLOBAL,"ALL (AU, IN, and any future supported country)",YES (n/a - already global),YES (n/a - already global),"Cash flow, surplus/savings rate, Forecasting expense projection, Resilience",NONE,LOW
expense,expense.contents_insurance,Contents Insurance,active,country_applicability=NULL (unrestricted) - correct as-is unless PO identifies a hidden jurisdiction dependency,GLOBAL,"ALL (AU, IN, and any future supported country)",YES (n/a - already global),YES (n/a - already global),"Cash flow, surplus/savings rate, Forecasting expense projection, Resilience",NONE,LOW
expense,expense.property_maintenance,Property Maintenance,active,country_applicability=NULL (unrestricted) - correct as-is unless PO identifies a hidden jurisdiction dependency,GLOBAL,"ALL (AU, IN, and any future supported country)",YES (n/a - already global),YES (n/a - already global),"Cash flow, surplus/savings rate, Forecasting expense projection, Resilience",NONE,LOW
expense,expense.electricity,Electricity,active,country_applicability=NULL (unrestricted) - correct as-is unless PO identifies a hidden jurisdiction dependency,GLOBAL,"ALL (AU, IN, and any future supported country)",YES (n/a - already global),YES (n/a - already global),"Cash flow, surplus/savings rate, Forecasting expense projection, Resilience",NONE,LOW
expense,expense.gas,Gas,active,country_applicability=NULL (unrestricted) - correct as-is unless PO identifies a hidden jurisdiction dependency,GLOBAL,"ALL (AU, IN, and any future supported country)",YES (n/a - already global),YES (n/a - already global),"Cash flow, surplus/savings rate, Forecasting expense projection, Resilience",NONE,LOW
expense,expense.water,Water,active,country_applicability=NULL (unrestricted) - correct as-is unless PO identifies a hidden jurisdiction dependency,GLOBAL,"ALL (AU, IN, and any future supported country)",YES (n/a - already global),YES (n/a - already global),"Cash flow, surplus/savings rate, Forecasting expense projection, Resilience",NONE,LOW
expense,expense.internet,Internet,active,country_applicability=NULL (unrestricted) - correct as-is unless PO identifies a hidden jurisdiction dependency,GLOBAL,"ALL (AU, IN, and any future supported country)",YES (n/a - already global),YES (n/a - already global),"Cash flow, surplus/savings rate, Forecasting expense projection, Resilience",NONE,LOW
expense,expense.mobile_phone,Mobile Phone,active,country_applicability=NULL (unrestricted) - correct as-is unless PO identifies a hidden jurisdiction dependency,GLOBAL,"ALL (AU, IN, and any future supported country)",YES (n/a - already global),YES (n/a - already global),"Cash flow, surplus/savings rate, Forecasting expense projection, Resilience",NONE,LOW
expense,expense.home_phone,Home Phone,active,country_applicability=NULL (unrestricted) - correct as-is unless PO identifies a hidden jurisdiction dependency,GLOBAL,"ALL (AU, IN, and any future supported country)",YES (n/a - already global),YES (n/a - already global),"Cash flow, surplus/savings rate, Forecasting expense projection, Resilience",NONE,LOW
expense,expense.streaming_services,Streaming Services,active,country_applicability=NULL (unrestricted) - correct as-is unless PO identifies a hidden jurisdiction dependency,GLOBAL,"ALL (AU, IN, and any future supported country)",YES (n/a - already global),YES (n/a - already global),"Cash flow, surplus/savings rate, Forecasting expense projection, Resilience",NONE,LOW
expense,expense.cloud_storage,Cloud Storage,active,country_applicability=NULL (unrestricted) - correct as-is unless PO identifies a hidden jurisdiction dependency,GLOBAL,"ALL (AU, IN, and any future supported country)",YES (n/a - already global),YES (n/a - already global),"Cash flow, surplus/savings rate, Forecasting expense projection, Resilience",NONE,LOW
expense,expense.security_monitoring,Security Monitoring,active,country_applicability=NULL (unrestricted) - correct as-is unless PO identifies a hidden jurisdiction dependency,GLOBAL,"ALL (AU, IN, and any future supported country)",YES (n/a - already global),YES (n/a - already global),"Cash flow, surplus/savings rate, Forecasting expense projection, Resilience",NONE,LOW
expense,expense.groceries,Groceries,active,country_applicability=NULL (unrestricted) - correct as-is unless PO identifies a hidden jurisdiction dependency,GLOBAL,"ALL (AU, IN, and any future supported country)",YES (n/a - already global),YES (n/a - already global),"Cash flow, surplus/savings rate, Forecasting expense projection, Resilience",NONE,LOW
expense,expense.takeaway_food,Takeaway Food,active,country_applicability=NULL (unrestricted) - correct as-is unless PO identifies a hidden jurisdiction dependency,GLOBAL,"ALL (AU, IN, and any future supported country)",YES (n/a - already global),YES (n/a - already global),"Cash flow, surplus/savings rate, Forecasting expense projection, Resilience",NONE,LOW
expense,expense.restaurants,Restaurants,active,country_applicability=NULL (unrestricted) - correct as-is unless PO identifies a hidden jurisdiction dependency,GLOBAL,"ALL (AU, IN, and any future supported country)",YES (n/a - already global),YES (n/a - already global),"Cash flow, surplus/savings rate, Forecasting expense projection, Resilience",NONE,LOW
expense,expense.coffee,Coffee,active,country_applicability=NULL (unrestricted) - correct as-is unless PO identifies a hidden jurisdiction dependency,GLOBAL,"ALL (AU, IN, and any future supported country)",YES (n/a - already global),YES (n/a - already global),"Cash flow, surplus/savings rate, Forecasting expense projection, Resilience",NONE,LOW
expense,expense.school_fees,School Fees,active,country_applicability=NULL (unrestricted) - correct as-is unless PO identifies a hidden jurisdiction dependency,GLOBAL,"ALL (AU, IN, and any future supported country)",YES (n/a - already global),YES (n/a - already global),"Cash flow, surplus/savings rate, Forecasting expense projection, Resilience",NONE,LOW
expense,expense.childcare,Childcare,active,country_applicability=NULL (unrestricted) - correct as-is unless PO identifies a hidden jurisdiction dependency,GLOBAL,"ALL (AU, IN, and any future supported country)",YES (n/a - already global),YES (n/a - already global),"Cash flow, surplus/savings rate, Forecasting expense projection, Resilience",NONE,LOW
expense,expense.books,Books,active,country_applicability=NULL (unrestricted) - correct as-is unless PO identifies a hidden jurisdiction dependency,GLOBAL,"ALL (AU, IN, and any future supported country)",YES (n/a - already global),YES (n/a - already global),"Cash flow, surplus/savings rate, Forecasting expense projection, Resilience",NONE,LOW
expense,expense.uniforms,Uniforms,active,country_applicability=NULL (unrestricted) - correct as-is unless PO identifies a hidden jurisdiction dependency,GLOBAL,"ALL (AU, IN, and any future supported country)",YES (n/a - already global),YES (n/a - already global),"Cash flow, surplus/savings rate, Forecasting expense projection, Resilience",NONE,LOW
expense,expense.tutoring,Tutoring,active,country_applicability=NULL (unrestricted) - correct as-is unless PO identifies a hidden jurisdiction dependency,GLOBAL,"ALL (AU, IN, and any future supported country)",YES (n/a - already global),YES (n/a - already global),"Cash flow, surplus/savings rate, Forecasting expense projection, Resilience",NONE,LOW
expense,expense.health_insurance,Health Insurance,active,country_applicability=NULL (unrestricted) - correct as-is unless PO identifies a hidden jurisdiction dependency,GLOBAL,"ALL (AU, IN, and any future supported country)",YES (n/a - already global),YES (n/a - already global),"Cash flow, surplus/savings rate, Forecasting expense projection, Resilience",NONE,LOW
expense,expense.medical,Medical,active,country_applicability=NULL (unrestricted) - correct as-is unless PO identifies a hidden jurisdiction dependency,GLOBAL,"ALL (AU, IN, and any future supported country)",YES (n/a - already global),YES (n/a - already global),"Cash flow, surplus/savings rate, Forecasting expense projection, Resilience",NONE,LOW
expense,expense.dental,Dental,active,country_applicability=NULL (unrestricted) - correct as-is unless PO identifies a hidden jurisdiction dependency,GLOBAL,"ALL (AU, IN, and any future supported country)",YES (n/a - already global),YES (n/a - already global),"Cash flow, surplus/savings rate, Forecasting expense projection, Resilience",NONE,LOW
expense,expense.optical,Optical,active,country_applicability=NULL (unrestricted) - correct as-is unless PO identifies a hidden jurisdiction dependency,GLOBAL,"ALL (AU, IN, and any future supported country)",YES (n/a - already global),YES (n/a - already global),"Cash flow, surplus/savings rate, Forecasting expense projection, Resilience",NONE,LOW
expense,expense.pharmacy,Pharmacy,active,country_applicability=NULL (unrestricted) - correct as-is unless PO identifies a hidden jurisdiction dependency,GLOBAL,"ALL (AU, IN, and any future supported country)",YES (n/a - already global),YES (n/a - already global),"Cash flow, surplus/savings rate, Forecasting expense projection, Resilience",NONE,LOW
expense,expense.gym,Gym,active,country_applicability=NULL (unrestricted) - correct as-is unless PO identifies a hidden jurisdiction dependency,GLOBAL,"ALL (AU, IN, and any future supported country)",YES (n/a - already global),YES (n/a - already global),"Cash flow, surplus/savings rate, Forecasting expense projection, Resilience",NONE,LOW
expense,expense.personal_trainer,Personal Trainer,active,country_applicability=NULL (unrestricted) - correct as-is unless PO identifies a hidden jurisdiction dependency,GLOBAL,"ALL (AU, IN, and any future supported country)",YES (n/a - already global),YES (n/a - already global),"Cash flow, surplus/savings rate, Forecasting expense projection, Resilience",NONE,LOW
expense,expense.sports,Sports,active,country_applicability=NULL (unrestricted) - correct as-is unless PO identifies a hidden jurisdiction dependency,GLOBAL,"ALL (AU, IN, and any future supported country)",YES (n/a - already global),YES (n/a - already global),"Cash flow, surplus/savings rate, Forecasting expense projection, Resilience",NONE,LOW
expense,expense.entertainment,Entertainment,active,country_applicability=NULL (unrestricted) - correct as-is unless PO identifies a hidden jurisdiction dependency,GLOBAL,"ALL (AU, IN, and any future supported country)",YES (n/a - already global),YES (n/a - already global),"Cash flow, surplus/savings rate, Forecasting expense projection, Resilience",NONE,LOW
expense,expense.subscriptions,Subscriptions,active,country_applicability=NULL (unrestricted) - correct as-is unless PO identifies a hidden jurisdiction dependency,GLOBAL,"ALL (AU, IN, and any future supported country)",YES (n/a - already global),YES (n/a - already global),"Cash flow, surplus/savings rate, Forecasting expense projection, Resilience",NONE,LOW
expense,expense.travel,Travel,active,country_applicability=NULL (unrestricted) - correct as-is unless PO identifies a hidden jurisdiction dependency,GLOBAL,"ALL (AU, IN, and any future supported country)",YES (n/a - already global),YES (n/a - already global),"Cash flow, surplus/savings rate, Forecasting expense projection, Resilience",NONE,LOW
expense,expense.holiday_savings,Holiday Savings,active,country_applicability=NULL (unrestricted) - correct as-is unless PO identifies a hidden jurisdiction dependency,GLOBAL,"ALL (AU, IN, and any future supported country)",YES (n/a - already global),YES (n/a - already global),"Cash flow, surplus/savings rate, Forecasting expense projection, Resilience",NONE,LOW
expense,expense.fuel,Fuel,active,country_applicability=NULL (unrestricted) - correct as-is unless PO identifies a hidden jurisdiction dependency,GLOBAL,"ALL (AU, IN, and any future supported country)",YES (n/a - already global),YES (n/a - already global),"Cash flow, surplus/savings rate, Forecasting expense projection, Resilience",NONE,LOW
expense,expense.public_transport,Public Transport,active,country_applicability=NULL (unrestricted) - correct as-is unless PO identifies a hidden jurisdiction dependency,GLOBAL,"ALL (AU, IN, and any future supported country)",YES (n/a - already global),YES (n/a - already global),"Cash flow, surplus/savings rate, Forecasting expense projection, Resilience",NONE,LOW
expense,expense.parking,Parking,active,country_applicability=NULL (unrestricted) - correct as-is unless PO identifies a hidden jurisdiction dependency,GLOBAL,"ALL (AU, IN, and any future supported country)",YES (n/a - already global),YES (n/a - already global),"Cash flow, surplus/savings rate, Forecasting expense projection, Resilience",NONE,LOW
expense,expense.tolls,Tolls,active,country_applicability=NULL (unrestricted) - correct as-is unless PO identifies a hidden jurisdiction dependency,GLOBAL,"ALL (AU, IN, and any future supported country)",YES (n/a - already global),YES (n/a - already global),"Cash flow, surplus/savings rate, Forecasting expense projection, Resilience",NONE,LOW
expense,expense.vehicle_insurance,Vehicle Insurance,active,country_applicability=NULL (unrestricted) - correct as-is unless PO identifies a hidden jurisdiction dependency,GLOBAL,"ALL (AU, IN, and any future supported country)",YES (n/a - already global),YES (n/a - already global),"Cash flow, surplus/savings rate, Forecasting expense projection, Resilience",NONE,LOW
expense,expense.vehicle_registration,Vehicle Registration,active,country_applicability=NULL (unrestricted) - correct as-is unless PO identifies a hidden jurisdiction dependency,GLOBAL,"ALL (AU, IN, and any future supported country)",YES (n/a - already global),YES (n/a - already global),"Cash flow, surplus/savings rate, Forecasting expense projection, Resilience",NONE,LOW
expense,expense.vehicle_maintenance,Vehicle Maintenance,active,country_applicability=NULL (unrestricted) - correct as-is unless PO identifies a hidden jurisdiction dependency,GLOBAL,"ALL (AU, IN, and any future supported country)",YES (n/a - already global),YES (n/a - already global),"Cash flow, surplus/savings rate, Forecasting expense projection, Resilience",NONE,LOW
expense,expense.car_loan_repayments,Car Loan Repayments,active,country_applicability=NULL (unrestricted) - correct as-is unless PO identifies a hidden jurisdiction dependency,GLOBAL,"ALL (AU, IN, and any future supported country)",YES (n/a - already global),YES (n/a - already global),"Cash flow, surplus/savings rate, Forecasting expense projection, Resilience",NONE,LOW
expense,expense.life_insurance,Life Insurance,active,country_applicability=NULL (unrestricted) - correct as-is unless PO identifies a hidden jurisdiction dependency,GLOBAL,"ALL (AU, IN, and any future supported country)",YES (n/a - already global),YES (n/a - already global),"Cash flow, surplus/savings rate, Forecasting expense projection, Resilience",NONE,LOW
expense,expense.income_protection,Income Protection,active,country_applicability=NULL (unrestricted) - correct as-is unless PO identifies a hidden jurisdiction dependency,GLOBAL,"ALL (AU, IN, and any future supported country)",YES (n/a - already global),YES (n/a - already global),"Cash flow, surplus/savings rate, Forecasting expense projection, Resilience",NONE,LOW
expense,expense.tpd_insurance,TPD Insurance,active,country_applicability=NULL (unrestricted) - correct as-is unless PO identifies a hidden jurisdiction dependency,GLOBAL,"ALL (AU, IN, and any future supported country)",YES (n/a - already global),YES (n/a - already global),"Cash flow, surplus/savings rate, Forecasting expense projection, Resilience",NONE,LOW
expense,expense.pet_expenses,Pet Expenses,active,country_applicability=NULL (unrestricted) - correct as-is unless PO identifies a hidden jurisdiction dependency,GLOBAL,"ALL (AU, IN, and any future supported country)",YES (n/a - already global),YES (n/a - already global),"Cash flow, surplus/savings rate, Forecasting expense projection, Resilience",NONE,LOW
expense,expense.pet_insurance,Pet Insurance,active,country_applicability=NULL (unrestricted) - correct as-is unless PO identifies a hidden jurisdiction dependency,GLOBAL,"ALL (AU, IN, and any future supported country)",YES (n/a - already global),YES (n/a - already global),"Cash flow, surplus/savings rate, Forecasting expense projection, Resilience",NONE,LOW
expense,expense.clothing,Clothing,active,country_applicability=NULL (unrestricted) - correct as-is unless PO identifies a hidden jurisdiction dependency,GLOBAL,"ALL (AU, IN, and any future supported country)",YES (n/a - already global),YES (n/a - already global),"Cash flow, surplus/savings rate, Forecasting expense projection, Resilience",NONE,LOW
expense,expense.hairdresser,Hairdresser,active,country_applicability=NULL (unrestricted) - correct as-is unless PO identifies a hidden jurisdiction dependency,GLOBAL,"ALL (AU, IN, and any future supported country)",YES (n/a - already global),YES (n/a - already global),"Cash flow, surplus/savings rate, Forecasting expense projection, Resilience",NONE,LOW
expense,expense.beauty,Beauty,active,country_applicability=NULL (unrestricted) - correct as-is unless PO identifies a hidden jurisdiction dependency,GLOBAL,"ALL (AU, IN, and any future supported country)",YES (n/a - already global),YES (n/a - already global),"Cash flow, surplus/savings rate, Forecasting expense projection, Resilience",NONE,LOW
expense,expense.laundry,Laundry,active,country_applicability=NULL (unrestricted) - correct as-is unless PO identifies a hidden jurisdiction dependency,GLOBAL,"ALL (AU, IN, and any future supported country)",YES (n/a - already global),YES (n/a - already global),"Cash flow, surplus/savings rate, Forecasting expense projection, Resilience",NONE,LOW
expense,expense.gifts,Gifts,active,country_applicability=NULL (unrestricted) - correct as-is unless PO identifies a hidden jurisdiction dependency,GLOBAL,"ALL (AU, IN, and any future supported country)",YES (n/a - already global),YES (n/a - already global),"Cash flow, surplus/savings rate, Forecasting expense projection, Resilience",NONE,LOW
expense,expense.donations,Donations,active,country_applicability=NULL (unrestricted) - correct as-is unless PO identifies a hidden jurisdiction dependency,GLOBAL,"ALL (AU, IN, and any future supported country)",YES (n/a - already global),YES (n/a - already global),"Cash flow, surplus/savings rate, Forecasting expense projection, Resilience",NONE,LOW
expense,expense.professional_membership,Professional Membership,active,country_applicability=NULL (unrestricted) - correct as-is unless PO identifies a hidden jurisdiction dependency,GLOBAL,"ALL (AU, IN, and any future supported country)",YES (n/a - already global),YES (n/a - already global),"Cash flow, surplus/savings rate, Forecasting expense projection, Resilience",NONE,LOW
expense,expense.accounting_fees,Accounting Fees,active,country_applicability=NULL (unrestricted) - correct as-is unless PO identifies a hidden jurisdiction dependency,GLOBAL,"ALL (AU, IN, and any future supported country)",YES (n/a - already global),YES (n/a - already global),"Cash flow, surplus/savings rate, Forecasting expense projection, Resilience",NONE,LOW
expense,expense.legal_fees,Legal Fees,active,country_applicability=NULL (unrestricted) - correct as-is unless PO identifies a hidden jurisdiction dependency,GLOBAL,"ALL (AU, IN, and any future supported country)",YES (n/a - already global),YES (n/a - already global),"Cash flow, surplus/savings rate, Forecasting expense projection, Resilience",NONE,LOW
expense,expense.bank_fees,Bank Fees,active,country_applicability=NULL (unrestricted) - correct as-is unless PO identifies a hidden jurisdiction dependency,GLOBAL,"ALL (AU, IN, and any future supported country)",YES (n/a - already global),YES (n/a - already global),"Cash flow, surplus/savings rate, Forecasting expense projection, Resilience",NONE,LOW
expense,expense.credit_card_fees,Credit Card Fees,active,country_applicability=NULL (unrestricted) - correct as-is unless PO identifies a hidden jurisdiction dependency,GLOBAL,"ALL (AU, IN, and any future supported country)",YES (n/a - already global),YES (n/a - already global),"Cash flow, surplus/savings rate, Forecasting expense projection, Resilience",NONE,LOW
expense,expense.loan_interest,Loan Interest,active,country_applicability=NULL (unrestricted) - correct as-is unless PO identifies a hidden jurisdiction dependency,GLOBAL,"ALL (AU, IN, and any future supported country)",YES (n/a - already global),YES (n/a - already global),"Cash flow, surplus/savings rate, Forecasting expense projection, Resilience",NONE,LOW
expense,expense.tax_payments,Tax Payments,active,country_applicability=NULL (unrestricted) - correct as-is unless PO identifies a hidden jurisdiction dependency,GLOBAL,"ALL (AU, IN, and any future supported country)",YES (n/a - already global),YES (n/a - already global),"Cash flow, surplus/savings rate, Forecasting expense projection, Resilience",NONE,LOW
expense,expense.business_expenses,Business Expenses,active,country_applicability=NULL (unrestricted) - correct as-is unless PO identifies a hidden jurisdiction dependency,GLOBAL,"ALL (AU, IN, and any future supported country)",YES (n/a - already global),YES (n/a - already global),"Cash flow, surplus/savings rate, Forecasting expense projection, Resilience",NONE,LOW
expense,expense.other_household_expenses,Other Household Expenses,active,country_applicability=NULL (unrestricted) - correct as-is unless PO identifies a hidden jurisdiction dependency,GLOBAL,"ALL (AU, IN, and any future supported country)",YES (n/a - already global),YES (n/a - already global),"Cash flow, surplus/savings rate, Forecasting expense projection, Resilience",NONE,LOW
expense,expense.emergency_fund_saving,Emergency Fund Saving,active,country_applicability=NULL (unrestricted) - correct as-is unless PO identifies a hidden jurisdiction dependency,GLOBAL,"ALL (AU, IN, and any future supported country)",YES (n/a - already global),YES (n/a - already global),"Cash flow, surplus/savings rate, Forecasting expense projection, Resilience",NONE,LOW
expense,expense.miscellaneous,Miscellaneous,active,country_applicability=NULL (unrestricted) - correct as-is unless PO identifies a hidden jurisdiction dependency,GLOBAL,"ALL (AU, IN, and any future supported country)",YES (n/a - already global),YES (n/a - already global),"Cash flow, surplus/savings rate, Forecasting expense projection, Resilience",NONE,LOW
asset,asset.wallet_cash,Wallet Cash,active,country_applicability=NULL (unrestricted) - correct as-is unless PO identifies a hidden jurisdiction dependency,GLOBAL,"ALL (AU, IN, and any future supported country)",YES (n/a - already global),YES (n/a - already global),"Net Worth (assets total), Forecasting asset growth",NONE,LOW
asset,asset.savings_account,Savings Account,active,country_applicability=NULL (unrestricted) - correct as-is unless PO identifies a hidden jurisdiction dependency,GLOBAL,"ALL (AU, IN, and any future supported country)",YES (n/a - already global),YES (n/a - already global),"Net Worth (assets total), Forecasting asset growth",NONE,LOW
asset,asset.cheque_account,Cheque Account,active,country_applicability=NULL (unrestricted) - correct as-is unless PO identifies a hidden jurisdiction dependency,GLOBAL,"ALL (AU, IN, and any future supported country)",YES (n/a - already global),YES (n/a - already global),"Net Worth (assets total), Forecasting asset growth",NONE,LOW
asset,asset.offset_account,Offset Account,active,country_applicability=NULL (unrestricted) - correct as-is unless PO identifies a hidden jurisdiction dependency,GLOBAL,"ALL (AU, IN, and any future supported country)",YES (n/a - already global),YES (n/a - already global),"Net Worth (assets total), Forecasting asset growth",NONE,LOW
asset,asset.foreign_currency,Foreign Currency,active,country_applicability=NULL (unrestricted) - correct as-is unless PO identifies a hidden jurisdiction dependency,GLOBAL,"ALL (AU, IN, and any future supported country)",YES (n/a - already global),YES (n/a - already global),"Net Worth (assets total), Forecasting asset growth",NONE,LOW
asset,asset.principal_residence,Principal Residence,active,country_applicability=NULL (unrestricted) - correct as-is unless PO identifies a hidden jurisdiction dependency,GLOBAL,"ALL (AU, IN, and any future supported country)",YES (n/a - already global),YES (n/a - already global),"Net Worth (assets total), Forecasting asset growth",NONE,LOW
asset,asset.holiday_home,Holiday Home,active,country_applicability=NULL (unrestricted) - correct as-is unless PO identifies a hidden jurisdiction dependency,GLOBAL,"ALL (AU, IN, and any future supported country)",YES (n/a - already global),YES (n/a - already global),"Net Worth (assets total), Forecasting asset growth",NONE,LOW
asset,asset.vacant_land,Vacant Land,active,country_applicability=NULL (unrestricted) - correct as-is unless PO identifies a hidden jurisdiction dependency,GLOBAL,"ALL (AU, IN, and any future supported country)",YES (n/a - already global),YES (n/a - already global),"Net Worth (assets total), Forecasting asset growth",NONE,LOW
asset,asset.farm,Farm,active,country_applicability=NULL (unrestricted) - correct as-is unless PO identifies a hidden jurisdiction dependency,GLOBAL,"ALL (AU, IN, and any future supported country)",YES (n/a - already global),YES (n/a - already global),"Net Worth (assets total), Forecasting asset growth",NONE,LOW
asset,asset.motor_vehicle,Motor Vehicle,active,country_applicability=NULL (unrestricted) - correct as-is unless PO identifies a hidden jurisdiction dependency,GLOBAL,"ALL (AU, IN, and any future supported country)",YES (n/a - already global),YES (n/a - already global),"Net Worth (assets total), Forecasting asset growth",NONE,LOW
asset,asset.motorcycle,Motorcycle,active,country_applicability=NULL (unrestricted) - correct as-is unless PO identifies a hidden jurisdiction dependency,GLOBAL,"ALL (AU, IN, and any future supported country)",YES (n/a - already global),YES (n/a - already global),"Net Worth (assets total), Forecasting asset growth",NONE,LOW
asset,asset.boat,Boat,active,country_applicability=NULL (unrestricted) - correct as-is unless PO identifies a hidden jurisdiction dependency,GLOBAL,"ALL (AU, IN, and any future supported country)",YES (n/a - already global),YES (n/a - already global),"Net Worth (assets total), Forecasting asset growth",NONE,LOW
asset,asset.caravan,Caravan,active,country_applicability=NULL (unrestricted) - correct as-is unless PO identifies a hidden jurisdiction dependency,GLOBAL,"ALL (AU, IN, and any future supported country)",YES (n/a - already global),YES (n/a - already global),"Net Worth (assets total), Forecasting asset growth",NONE,LOW
asset,asset.collectables,Collectables,active,country_applicability=NULL (unrestricted) - correct as-is unless PO identifies a hidden jurisdiction dependency,GLOBAL,"ALL (AU, IN, and any future supported country)",YES (n/a - already global),YES (n/a - already global),"Net Worth (assets total), Forecasting asset growth",NONE,LOW
asset,asset.jewellery,Jewellery,active,country_applicability=NULL (unrestricted) - correct as-is unless PO identifies a hidden jurisdiction dependency,GLOBAL,"ALL (AU, IN, and any future supported country)",YES (n/a - already global),YES (n/a - already global),"Net Worth (assets total), Forecasting asset growth",NONE,LOW
asset,asset.art,Art,active,country_applicability=NULL (unrestricted) - correct as-is unless PO identifies a hidden jurisdiction dependency,GLOBAL,"ALL (AU, IN, and any future supported country)",YES (n/a - already global),YES (n/a - already global),"Net Worth (assets total), Forecasting asset growth",NONE,LOW
asset,asset.watches,Watches,active,country_applicability=NULL (unrestricted) - correct as-is unless PO identifies a hidden jurisdiction dependency,GLOBAL,"ALL (AU, IN, and any future supported country)",YES (n/a - already global),YES (n/a - already global),"Net Worth (assets total), Forecasting asset growth",NONE,LOW
asset,asset.wine_collection,Wine Collection,active,country_applicability=NULL (unrestricted) - correct as-is unless PO identifies a hidden jurisdiction dependency,GLOBAL,"ALL (AU, IN, and any future supported country)",YES (n/a - already global),YES (n/a - already global),"Net Worth (assets total), Forecasting asset growth",NONE,LOW
asset,asset.intellectual_property,Intellectual Property,active,country_applicability=NULL (unrestricted) - correct as-is unless PO identifies a hidden jurisdiction dependency,GLOBAL,"ALL (AU, IN, and any future supported country)",YES (n/a - already global),YES (n/a - already global),"Net Worth (assets total), Forecasting asset growth",NONE,LOW
asset,asset.loans_receivable,Loans Receivable,active,country_applicability=NULL (unrestricted) - correct as-is unless PO identifies a hidden jurisdiction dependency,GLOBAL,"ALL (AU, IN, and any future supported country)",YES (n/a - already global),YES (n/a - already global),"Net Worth (assets total), Forecasting asset growth",NONE,LOW
asset,asset.trust_assets,Trust Assets,active,country_applicability=NULL (unrestricted) - correct as-is unless PO identifies a hidden jurisdiction dependency,GLOBAL,"ALL (AU, IN, and any future supported country)",YES (n/a - already global),YES (n/a - already global),"Net Worth (assets total), Forecasting asset growth",NONE,LOW
asset,asset.other_assets,Other Assets,active,country_applicability=NULL (unrestricted) - correct as-is unless PO identifies a hidden jurisdiction dependency,GLOBAL,"ALL (AU, IN, and any future supported country)",YES (n/a - already global),YES (n/a - already global),"Net Worth (assets total), Forecasting asset growth",NONE,LOW
liability,liability.home_loan,Home Loan,active,country_applicability=NULL (unrestricted) - correct as-is unless PO identifies a hidden jurisdiction dependency,GLOBAL,"ALL (AU, IN, and any future supported country)",YES (n/a - already global),YES (n/a - already global),"Net Worth (liabilities total), DSR/DTI, Forecasting debt paydown",NONE,LOW
liability,liability.investment_loan,Investment Loan,active,country_applicability=NULL (unrestricted) - correct as-is unless PO identifies a hidden jurisdiction dependency,GLOBAL,"ALL (AU, IN, and any future supported country)",YES (n/a - already global),YES (n/a - already global),"Net Worth (liabilities total), DSR/DTI, Forecasting debt paydown",NONE,LOW
liability,liability.construction_loan,Construction Loan,active,country_applicability=NULL (unrestricted) - correct as-is unless PO identifies a hidden jurisdiction dependency,GLOBAL,"ALL (AU, IN, and any future supported country)",YES (n/a - already global),YES (n/a - already global),"Net Worth (liabilities total), DSR/DTI, Forecasting debt paydown",NONE,LOW
liability,liability.commercial_loan,Commercial Property Loan,active,country_applicability=NULL (unrestricted) - correct as-is unless PO identifies a hidden jurisdiction dependency,GLOBAL,"ALL (AU, IN, and any future supported country)",YES (n/a - already global),YES (n/a - already global),"Net Worth (liabilities total), DSR/DTI, Forecasting debt paydown",NONE,LOW
liability,liability.smsf_property_loan,SMSF Property Loan / LRBA,active,country_applicability=NULL today (unrestricted) - offered to every user regardless of home jurisdiction,HOME_OR_CROSS_BORDER_COUNTRY(AU) - PRODUCT OWNER APPROVED 2026-08-27 (Decision PO-2a/c),AU,"YES - existing records preserved regardless of class (PO-2, approved)","YES - if AU is primary OR explicitly enabled as a cross-border country (PO-2 approved; not yet enforced - Wave 2/3). Rationale: SMSF-related (PO-2a, explicitly named).","Net Worth (liabilities total), DSR/DTI, Forecasting debt paydown",YES if restricted (country_applicability backfill),"LOW (Wave 1 candidate; catalogue-only, no calc engine change)"
liability,liability.personal_loan,Personal Loan,active,country_applicability=NULL (unrestricted) - correct as-is unless PO identifies a hidden jurisdiction dependency,GLOBAL,"ALL (AU, IN, and any future supported country)",YES (n/a - already global),YES (n/a - already global),"Net Worth (liabilities total), DSR/DTI, Forecasting debt paydown",NONE,LOW
liability,liability.car_loan,Car Loan,active,country_applicability=NULL (unrestricted) - correct as-is unless PO identifies a hidden jurisdiction dependency,GLOBAL,"ALL (AU, IN, and any future supported country)",YES (n/a - already global),YES (n/a - already global),"Net Worth (liabilities total), DSR/DTI, Forecasting debt paydown",NONE,LOW
liability,liability.motorcycle_loan,Motorcycle Loan,active,country_applicability=NULL (unrestricted) - correct as-is unless PO identifies a hidden jurisdiction dependency,GLOBAL,"ALL (AU, IN, and any future supported country)",YES (n/a - already global),YES (n/a - already global),"Net Worth (liabilities total), DSR/DTI, Forecasting debt paydown",NONE,LOW
liability,liability.boat_loan,Boat Loan,active,country_applicability=NULL (unrestricted) - correct as-is unless PO identifies a hidden jurisdiction dependency,GLOBAL,"ALL (AU, IN, and any future supported country)",YES (n/a - already global),YES (n/a - already global),"Net Worth (liabilities total), DSR/DTI, Forecasting debt paydown",NONE,LOW
liability,liability.education_loan,Education Loan,active,country_applicability=NULL (unrestricted) - correct as-is unless PO identifies a hidden jurisdiction dependency,GLOBAL,"ALL (AU, IN, and any future supported country)",YES (n/a - already global),YES (n/a - already global),"Net Worth (liabilities total), DSR/DTI, Forecasting debt paydown",NONE,LOW
liability,liability.hecs_help,HECS / HELP,active,country_applicability=NULL today (unrestricted) - offered to every user regardless of home jurisdiction,HOME_OR_CROSS_BORDER_COUNTRY(AU) - PRODUCT OWNER APPROVED 2026-08-27 (Decision PO-2a/c),AU,"YES - existing records preserved regardless of class (PO-2, approved)","YES - if AU is primary OR explicitly enabled as a cross-border country (PO-2 approved; not yet enforced - Wave 2/3). Rationale: HECS/HELP (PO-2a, explicitly named).","Net Worth (liabilities total), DSR/DTI, Forecasting debt paydown",YES if restricted (country_applicability backfill),"LOW (Wave 1 candidate; catalogue-only, no calc engine change)"
liability,liability.credit_card,Credit Card,active,country_applicability=NULL (unrestricted) - correct as-is unless PO identifies a hidden jurisdiction dependency,GLOBAL,"ALL (AU, IN, and any future supported country)",YES (n/a - already global),YES (n/a - already global),"Net Worth (liabilities total), DSR/DTI, Forecasting debt paydown",NONE,LOW
liability,liability.store_card,Store Card,active,country_applicability=NULL (unrestricted) - correct as-is unless PO identifies a hidden jurisdiction dependency,GLOBAL,"ALL (AU, IN, and any future supported country)",YES (n/a - already global),YES (n/a - already global),"Net Worth (liabilities total), DSR/DTI, Forecasting debt paydown",NONE,LOW
liability,liability.margin_loan,Margin Loan,active,country_applicability=NULL (unrestricted) - correct as-is unless PO identifies a hidden jurisdiction dependency,GLOBAL,"ALL (AU, IN, and any future supported country)",YES (n/a - already global),YES (n/a - already global),"Net Worth (liabilities total), DSR/DTI, Forecasting debt paydown",NONE,LOW
liability,liability.business_loan,Business Loan,active,country_applicability=NULL (unrestricted) - correct as-is unless PO identifies a hidden jurisdiction dependency,GLOBAL,"ALL (AU, IN, and any future supported country)",YES (n/a - already global),YES (n/a - already global),"Net Worth (liabilities total), DSR/DTI, Forecasting debt paydown",NONE,LOW
liability,liability.tax_debt,Tax Debt,active,country_applicability=NULL (unrestricted) - correct as-is unless PO identifies a hidden jurisdiction dependency,GLOBAL,"ALL (AU, IN, and any future supported country)",YES (n/a - already global),YES (n/a - already global),"Net Worth (liabilities total), DSR/DTI, Forecasting debt paydown",NONE,LOW
liability,liability.ato_payment_plan,ATO Payment Plan,active,country_applicability=NULL today (unrestricted) - offered to every user regardless of home jurisdiction,HOME_OR_CROSS_BORDER_COUNTRY(AU) - PRODUCT OWNER APPROVED 2026-08-27 (Decision PO-2a/c),AU,"YES - existing records preserved regardless of class (PO-2, approved)","YES - if AU is primary OR explicitly enabled as a cross-border country (PO-2 approved; not yet enforced - Wave 2/3). Rationale: ATO payment plan (PO-2a, explicitly named).","Net Worth (liabilities total), DSR/DTI, Forecasting debt paydown",YES if restricted (country_applicability backfill),"LOW (Wave 1 candidate; catalogue-only, no calc engine change)"
liability,liability.family_loan,Family Loan,active,country_applicability=NULL (unrestricted) - correct as-is unless PO identifies a hidden jurisdiction dependency,GLOBAL,"ALL (AU, IN, and any future supported country)",YES (n/a - already global),YES (n/a - already global),"Net Worth (liabilities total), DSR/DTI, Forecasting debt paydown",NONE,LOW
liability,liability.private_loan,Private Loan,active,country_applicability=NULL (unrestricted) - correct as-is unless PO identifies a hidden jurisdiction dependency,GLOBAL,"ALL (AU, IN, and any future supported country)",YES (n/a - already global),YES (n/a - already global),"Net Worth (liabilities total), DSR/DTI, Forecasting debt paydown",NONE,LOW
liability,liability.buy_now_pay_later,Buy Now Pay Later,active,country_applicability=NULL (unrestricted) - correct as-is unless PO identifies a hidden jurisdiction dependency,GLOBAL,"ALL (AU, IN, and any future supported country)",YES (n/a - already global),YES (n/a - already global),"Net Worth (liabilities total), DSR/DTI, Forecasting debt paydown",NONE,LOW
liability,liability.medical_loan,Medical Loan,active,country_applicability=NULL (unrestricted) - correct as-is unless PO identifies a hidden jurisdiction dependency,GLOBAL,"ALL (AU, IN, and any future supported country)",YES (n/a - already global),YES (n/a - already global),"Net Worth (liabilities total), DSR/DTI, Forecasting debt paydown",NONE,LOW
liability,liability.mortgage_offset_facility,Mortgage Offset Facility,active,country_applicability=NULL (unrestricted) - correct as-is unless PO identifies a hidden jurisdiction dependency,GLOBAL,"ALL (AU, IN, and any future supported country)",YES (n/a - already global),YES (n/a - already global),"Net Worth (liabilities total), DSR/DTI, Forecasting debt paydown",NONE,LOW
liability,liability.line_of_credit,Line of Credit,active,country_applicability=NULL (unrestricted) - correct as-is unless PO identifies a hidden jurisdiction dependency,GLOBAL,"ALL (AU, IN, and any future supported country)",YES (n/a - already global),YES (n/a - already global),"Net Worth (liabilities total), DSR/DTI, Forecasting debt paydown",NONE,LOW
liability,liability.guarantees,Guarantees,active,country_applicability=NULL (unrestricted) - correct as-is unless PO identifies a hidden jurisdiction dependency,GLOBAL,"ALL (AU, IN, and any future supported country)",YES (n/a - already global),YES (n/a - already global),"Net Worth (liabilities total), DSR/DTI, Forecasting debt paydown",NONE,LOW
liability,liability.other_liabilities,Other Liabilities,active,country_applicability=NULL (unrestricted) - correct as-is unless PO identifies a hidden jurisdiction dependency,GLOBAL,"ALL (AU, IN, and any future supported country)",YES (n/a - already global),YES (n/a - already global),"Net Worth (liabilities total), DSR/DTI, Forecasting debt paydown",NONE,LOW
investment,investment.australian_shares,Australian Shares,active,country_applicability=NULL today (unrestricted) - offered to every user regardless of home jurisdiction,HOME_OR_CROSS_BORDER_COUNTRY(AU) - PRODUCT OWNER APPROVED 2026-08-27 (Decision PO-2a/c),AU,"YES - existing records preserved regardless of class (PO-2, approved)","YES - if AU is primary OR explicitly enabled as a cross-border country (PO-2 approved; not yet enforced - Wave 2/3). Rationale: cross-border holding (PO-2c, explicitly named) - must not require AU home to create.","Net Worth (investments total), Forecasting investment returns, Investment Intelligence",YES if restricted (country_applicability backfill),"LOW (Wave 1 candidate; catalogue-only, no calc engine change)"
investment,investment.international_shares,International Shares,active,country_applicability=NULL (unrestricted) - correct as-is unless PO identifies a hidden jurisdiction dependency,GLOBAL,"ALL (AU, IN, and any future supported country)",YES (n/a - already global),YES (n/a - already global),"Net Worth (investments total), Forecasting investment returns, Investment Intelligence",NONE,LOW
investment,investment.etfs,ETFs,active,country_applicability=NULL (unrestricted) - correct as-is unless PO identifies a hidden jurisdiction dependency,GLOBAL,"ALL (AU, IN, and any future supported country)",YES (n/a - already global),YES (n/a - already global),"Net Worth (investments total), Forecasting investment returns, Investment Intelligence",NONE,LOW
investment,investment.managed_funds,Managed Funds,active,country_applicability=NULL (unrestricted) - correct as-is unless PO identifies a hidden jurisdiction dependency,GLOBAL,"ALL (AU, IN, and any future supported country)",YES (n/a - already global),YES (n/a - already global),"Net Worth (investments total), Forecasting investment returns, Investment Intelligence",NONE,LOW
investment,investment.index_funds,Index Funds,active,country_applicability=NULL (unrestricted) - correct as-is unless PO identifies a hidden jurisdiction dependency,GLOBAL,"ALL (AU, IN, and any future supported country)",YES (n/a - already global),YES (n/a - already global),"Net Worth (investments total), Forecasting investment returns, Investment Intelligence",NONE,LOW
investment,investment.bonds,Bonds,active,country_applicability=NULL (unrestricted) - correct as-is unless PO identifies a hidden jurisdiction dependency,GLOBAL,"ALL (AU, IN, and any future supported country)",YES (n/a - already global),YES (n/a - already global),"Net Worth (investments total), Forecasting investment returns, Investment Intelligence",NONE,LOW
investment,investment.government_bonds,Government Bonds,active,country_applicability=NULL (unrestricted) - correct as-is unless PO identifies a hidden jurisdiction dependency,GLOBAL,"ALL (AU, IN, and any future supported country)",YES (n/a - already global),YES (n/a - already global),"Net Worth (investments total), Forecasting investment returns, Investment Intelligence",NONE,LOW
investment,investment.corporate_bonds,Corporate Bonds,active,country_applicability=NULL (unrestricted) - correct as-is unless PO identifies a hidden jurisdiction dependency,GLOBAL,"ALL (AU, IN, and any future supported country)",YES (n/a - already global),YES (n/a - already global),"Net Worth (investments total), Forecasting investment returns, Investment Intelligence",NONE,LOW
investment,investment.cash_investments,Cash Investments,active,country_applicability=NULL (unrestricted) - correct as-is unless PO identifies a hidden jurisdiction dependency,GLOBAL,"ALL (AU, IN, and any future supported country)",YES (n/a - already global),YES (n/a - already global),"Net Worth (investments total), Forecasting investment returns, Investment Intelligence",NONE,LOW
investment,investment.high_interest_savings,High Interest Savings,active,country_applicability=NULL (unrestricted) - correct as-is unless PO identifies a hidden jurisdiction dependency,GLOBAL,"ALL (AU, IN, and any future supported country)",YES (n/a - already global),YES (n/a - already global),"Net Worth (investments total), Forecasting investment returns, Investment Intelligence",NONE,LOW
investment,investment.term_deposits,Term Deposits,active,country_applicability=NULL (unrestricted) - correct as-is unless PO identifies a hidden jurisdiction dependency,GLOBAL,"ALL (AU, IN, and any future supported country)",YES (n/a - already global),YES (n/a - already global),"Net Worth (investments total), Forecasting investment returns, Investment Intelligence",NONE,LOW
investment,investment.property,Residential Investment Property,active,country_applicability=NULL (unrestricted) - correct as-is unless PO identifies a hidden jurisdiction dependency,GLOBAL,"ALL (AU, IN, and any future supported country)",YES (n/a - already global),YES (n/a - already global),"Net Worth (investments total), Forecasting investment returns, Investment Intelligence",NONE,LOW
investment,investment.commercial_property,Commercial Property,active,country_applicability=NULL (unrestricted) - correct as-is unless PO identifies a hidden jurisdiction dependency,GLOBAL,"ALL (AU, IN, and any future supported country)",YES (n/a - already global),YES (n/a - already global),"Net Worth (investments total), Forecasting investment returns, Investment Intelligence",NONE,LOW
investment,investment.reits,REITs,active,country_applicability=NULL (unrestricted) - correct as-is unless PO identifies a hidden jurisdiction dependency,GLOBAL,"ALL (AU, IN, and any future supported country)",YES (n/a - already global),YES (n/a - already global),"Net Worth (investments total), Forecasting investment returns, Investment Intelligence",NONE,LOW
investment,investment.private_equity,Private Equity,active,country_applicability=NULL (unrestricted) - correct as-is unless PO identifies a hidden jurisdiction dependency,GLOBAL,"ALL (AU, IN, and any future supported country)",YES (n/a - already global),YES (n/a - already global),"Net Worth (investments total), Forecasting investment returns, Investment Intelligence",NONE,LOW
investment,investment.angel_investments,Angel Investments,active,country_applicability=NULL (unrestricted) - correct as-is unless PO identifies a hidden jurisdiction dependency,GLOBAL,"ALL (AU, IN, and any future supported country)",YES (n/a - already global),YES (n/a - already global),"Net Worth (investments total), Forecasting investment returns, Investment Intelligence",NONE,LOW
investment,investment.venture_capital,Venture Capital,active,country_applicability=NULL (unrestricted) - correct as-is unless PO identifies a hidden jurisdiction dependency,GLOBAL,"ALL (AU, IN, and any future supported country)",YES (n/a - already global),YES (n/a - already global),"Net Worth (investments total), Forecasting investment returns, Investment Intelligence",NONE,LOW
investment,investment.cryptocurrency,Cryptocurrency,active,country_applicability=NULL (unrestricted) - correct as-is unless PO identifies a hidden jurisdiction dependency,GLOBAL,"ALL (AU, IN, and any future supported country)",YES (n/a - already global),YES (n/a - already global),"Net Worth (investments total), Forecasting investment returns, Investment Intelligence",NONE,LOW
investment,investment.gold,Gold,active,country_applicability=NULL (unrestricted) - correct as-is unless PO identifies a hidden jurisdiction dependency,GLOBAL,"ALL (AU, IN, and any future supported country)",YES (n/a - already global),YES (n/a - already global),"Net Worth (investments total), Forecasting investment returns, Investment Intelligence",NONE,LOW
investment,investment.silver,Silver,active,country_applicability=NULL (unrestricted) - correct as-is unless PO identifies a hidden jurisdiction dependency,GLOBAL,"ALL (AU, IN, and any future supported country)",YES (n/a - already global),YES (n/a - already global),"Net Worth (investments total), Forecasting investment returns, Investment Intelligence",NONE,LOW
investment,investment.commodities,Commodities,active,country_applicability=NULL (unrestricted) - correct as-is unless PO identifies a hidden jurisdiction dependency,GLOBAL,"ALL (AU, IN, and any future supported country)",YES (n/a - already global),YES (n/a - already global),"Net Worth (investments total), Forecasting investment returns, Investment Intelligence",NONE,LOW
investment,investment.collectibles,Collectibles,active,country_applicability=NULL (unrestricted) - correct as-is unless PO identifies a hidden jurisdiction dependency,GLOBAL,"ALL (AU, IN, and any future supported country)",YES (n/a - already global),YES (n/a - already global),"Net Worth (investments total), Forecasting investment returns, Investment Intelligence",NONE,LOW
investment,investment.options,Options,active,country_applicability=NULL (unrestricted) - correct as-is unless PO identifies a hidden jurisdiction dependency,GLOBAL,"ALL (AU, IN, and any future supported country)",YES (n/a - already global),YES (n/a - already global),"Net Worth (investments total), Forecasting investment returns, Investment Intelligence",NONE,LOW
investment,investment.futures,Futures,active,country_applicability=NULL (unrestricted) - correct as-is unless PO identifies a hidden jurisdiction dependency,GLOBAL,"ALL (AU, IN, and any future supported country)",YES (n/a - already global),YES (n/a - already global),"Net Worth (investments total), Forecasting investment returns, Investment Intelligence",NONE,LOW
investment,investment.forex,Forex,active,country_applicability=NULL (unrestricted) - correct as-is unless PO identifies a hidden jurisdiction dependency,GLOBAL,"ALL (AU, IN, and any future supported country)",YES (n/a - already global),YES (n/a - already global),"Net Worth (investments total), Forecasting investment returns, Investment Intelligence",NONE,LOW
investment,investment.business_investment,Business Investment,active,country_applicability=NULL (unrestricted) - correct as-is unless PO identifies a hidden jurisdiction dependency,GLOBAL,"ALL (AU, IN, and any future supported country)",YES (n/a - already global),YES (n/a - already global),"Net Worth (investments total), Forecasting investment returns, Investment Intelligence",NONE,LOW
investment,investment.partnership_investment,Partnership Investment,active,country_applicability=NULL (unrestricted) - correct as-is unless PO identifies a hidden jurisdiction dependency,GLOBAL,"ALL (AU, IN, and any future supported country)",YES (n/a - already global),YES (n/a - already global),"Net Worth (investments total), Forecasting investment returns, Investment Intelligence",NONE,LOW
investment,investment.trust_investment,Trust Investment,active,country_applicability=NULL (unrestricted) - correct as-is unless PO identifies a hidden jurisdiction dependency,GLOBAL,"ALL (AU, IN, and any future supported country)",YES (n/a - already global),YES (n/a - already global),"Net Worth (investments total), Forecasting investment returns, Investment Intelligence",NONE,LOW
investment,investment.education_fund,Education Fund,active,country_applicability=NULL (unrestricted) - correct as-is unless PO identifies a hidden jurisdiction dependency,GLOBAL,"ALL (AU, IN, and any future supported country)",YES (n/a - already global),YES (n/a - already global),"Net Worth (investments total), Forecasting investment returns, Investment Intelligence",NONE,LOW
investment,investment.children_investment,Children Investment,active,country_applicability=NULL (unrestricted) - correct as-is unless PO identifies a hidden jurisdiction dependency,GLOBAL,"ALL (AU, IN, and any future supported country)",YES (n/a - already global),YES (n/a - already global),"Net Worth (investments total), Forecasting investment returns, Investment Intelligence",NONE,LOW
investment,investment.other_investments,Other Investments,active,country_applicability=NULL (unrestricted) - correct as-is unless PO identifies a hidden jurisdiction dependency,GLOBAL,"ALL (AU, IN, and any future supported country)",YES (n/a - already global),YES (n/a - already global),"Net Worth (investments total), Forecasting investment returns, Investment Intelligence",NONE,LOW
retirement,retirement.industry_super,Industry Super,active,country_applicability=NULL today (unrestricted) - offered to every user regardless of home jurisdiction,HOME_OR_CROSS_BORDER_COUNTRY(AU) - PRODUCT OWNER APPROVED 2026-08-27 (Decision PO-2a/c),AU,"YES - existing records preserved regardless of class (PO-2, approved)","YES - if AU is primary OR explicitly enabled as a cross-border country (PO-2 approved; not yet enforced - Wave 2/3). Rationale: Australian super product (PO-2a, explicitly named).","Net Worth (retirement total), Retirement Forecasting/adequacy, Financial DNA retirement-preparedness","YES if restricted (country_applicability backfill, same pattern as 0084)",MEDIUM (Wave 2 candidate; server enforcement + existing-record preservation logic needed)
retirement,retirement.retail_super,Retail Super,active,country_applicability=NULL today (unrestricted) - offered to every user regardless of home jurisdiction,HOME_OR_CROSS_BORDER_COUNTRY(AU) - PRODUCT OWNER APPROVED 2026-08-27 (Decision PO-2a/c),AU,"YES - existing records preserved regardless of class (PO-2, approved)","YES - if AU is primary OR explicitly enabled as a cross-border country (PO-2 approved; not yet enforced - Wave 2/3). Rationale: Australian super product (PO-2a, explicitly named).","Net Worth (retirement total), Retirement Forecasting/adequacy, Financial DNA retirement-preparedness","YES if restricted (country_applicability backfill, same pattern as 0084)",MEDIUM (Wave 2 candidate; server enforcement + existing-record preservation logic needed)
retirement,retirement.smsf,SMSF,active,country_applicability=[AU] filtered at /api/master-items (creation); DB trigger blocks INSERT/reactivate for non-AU (existing rows preserved),HOME_JURISDICTION,AU,"YES (preserved after country change, spec s.10/37)","NO (server-enforced, migration 0084 trigger)","YES - Net Worth (retirement_accounts.current_balance), smsf_recompute_fund()","NONE (already implemented, migration 0084/0089/0090)",LOW (already certified reference implementation)
retirement,retirement.defined_benefit,Defined Benefit,active,country_applicability=NULL today (unrestricted) - offered to every user regardless of home jurisdiction,GLOBAL_WITH_JURISDICTION_VARIANT - PRODUCT OWNER APPROVED 2026-08-27 (Decision PO-2b),AU,"YES - existing records preserved regardless of class (PO-2, approved)","YES - GLOBAL, available to every user; only label/help/description vary by jurisdiction (PO-2 approved; not yet enforced - Wave 2 terminology work). Rationale: defined-benefit arrangements (PO-2b, explicitly named).","Net Worth (retirement total), Retirement Forecasting/adequacy, Financial DNA retirement-preparedness","YES if restricted (country_applicability backfill, same pattern as 0084)",MEDIUM (Wave 2 candidate; server enforcement + existing-record preservation logic needed)
retirement,retirement.employer_contributions,"Employer Contributions (contribution amount, not a balance)",active,country_applicability=NULL today (unrestricted) - offered to every user regardless of home jurisdiction,GLOBAL_WITH_JURISDICTION_VARIANT - PRODUCT OWNER APPROVED 2026-08-27 (Decision PO-2b),AU,"YES - existing records preserved regardless of class (PO-2, approved)","YES - GLOBAL, available to every user; only label/help/description vary by jurisdiction (PO-2 approved; not yet enforced - Wave 2 terminology work). Rationale: employer retirement contributions (PO-2b, explicitly named).","Net Worth (retirement total), Retirement Forecasting/adequacy, Financial DNA retirement-preparedness","YES if restricted (country_applicability backfill, same pattern as 0084)",MEDIUM (Wave 2 candidate; server enforcement + existing-record preservation logic needed)
retirement,retirement.salary_sacrifice,"Salary Sacrifice (contribution amount, not a balance)",active,country_applicability=NULL today (unrestricted) - offered to every user regardless of home jurisdiction,GLOBAL_WITH_JURISDICTION_VARIANT - PRODUCT OWNER APPROVED 2026-08-27 (Decision PO-2b),AU,"YES - existing records preserved regardless of class (PO-2, approved)","YES - GLOBAL, available to every user; only label/help/description vary by jurisdiction (PO-2 approved; not yet enforced - Wave 2 terminology work). Rationale: voluntary/salary-sacrifice retirement contributions (PO-2b, explicitly named).","Net Worth (retirement total), Retirement Forecasting/adequacy, Financial DNA retirement-preparedness","YES if restricted (country_applicability backfill, same pattern as 0084)",MEDIUM (Wave 2 candidate; server enforcement + existing-record preservation logic needed)
retirement,retirement.personal_concessional,"Personal Concessional (contribution amount, not a balance)",active,country_applicability=NULL today (unrestricted) - offered to every user regardless of home jurisdiction,GLOBAL_WITH_JURISDICTION_VARIANT - PRODUCT OWNER APPROVED 2026-08-27 (Decision PO-2b),AU,"YES - existing records preserved regardless of class (PO-2, approved)","YES - GLOBAL, available to every user; only label/help/description vary by jurisdiction (PO-2 approved; not yet enforced - Wave 2 terminology work). Rationale: pre-tax personal retirement contribution mechanism, same family as salary-sacrifice (PO-2b, by direct analogy).","Net Worth (retirement total), Retirement Forecasting/adequacy, Financial DNA retirement-preparedness","YES if restricted (country_applicability backfill, same pattern as 0084)",MEDIUM (Wave 2 candidate; server enforcement + existing-record preservation logic needed)
retirement,retirement.non_concessional,"Non-Concessional (contribution amount, not a balance)",active,country_applicability=NULL today (unrestricted) - offered to every user regardless of home jurisdiction,GLOBAL_WITH_JURISDICTION_VARIANT - PRODUCT OWNER APPROVED 2026-08-27 (Decision PO-2b),AU,"YES - existing records preserved regardless of class (PO-2, approved)","YES - GLOBAL, available to every user; only label/help/description vary by jurisdiction (PO-2 approved; not yet enforced - Wave 2 terminology work). Rationale: after-tax personal retirement contribution mechanism, universal concept (PO-2b, by direct analogy).","Net Worth (retirement total), Retirement Forecasting/adequacy, Financial DNA retirement-preparedness","YES if restricted (country_applicability backfill, same pattern as 0084)",MEDIUM (Wave 2 candidate; server enforcement + existing-record preservation logic needed)
retirement,retirement.spouse_contribution,"Spouse Contribution (contribution amount, not a balance)",active,country_applicability=NULL today (unrestricted) - offered to every user regardless of home jurisdiction,GLOBAL_WITH_JURISDICTION_VARIANT - PRODUCT OWNER APPROVED 2026-08-27 (Decision PO-2b),AU,"YES - existing records preserved regardless of class (PO-2, approved)","YES - GLOBAL, available to every user; only label/help/description vary by jurisdiction (PO-2 approved; not yet enforced - Wave 2 terminology work). Rationale: spouse contributions (PO-2b, explicitly named).","Net Worth (retirement total), Retirement Forecasting/adequacy, Financial DNA retirement-preparedness","YES if restricted (country_applicability backfill, same pattern as 0084)",MEDIUM (Wave 2 candidate; server enforcement + existing-record preservation logic needed)
retirement,retirement.government_co_contribution,"Government Co-Contribution (contribution amount, not a balance)",active,country_applicability=NULL today (unrestricted) - offered to every user regardless of home jurisdiction,HOME_OR_CROSS_BORDER_COUNTRY(AU) - PRODUCT OWNER APPROVED 2026-08-27 (Decision PO-2a/c),AU,"YES - existing records preserved regardless of class (PO-2, approved)","YES - if AU is primary OR explicitly enabled as a cross-border country (PO-2 approved; not yet enforced - Wave 2/3). Rationale: government co-contribution (PO-2a, explicitly named).","Net Worth (retirement total), Retirement Forecasting/adequacy, Financial DNA retirement-preparedness","YES if restricted (country_applicability backfill, same pattern as 0084)",MEDIUM (Wave 2 candidate; server enforcement + existing-record preservation logic needed)
retirement,retirement.transition_to_retirement,Transition to Retirement,active,country_applicability=NULL today (unrestricted) - offered to every user regardless of home jurisdiction,HOME_OR_CROSS_BORDER_COUNTRY(AU) - PRODUCT OWNER APPROVED 2026-08-27 (Decision PO-2a/c),AU,"YES - existing records preserved regardless of class (PO-2, approved)","YES - if AU is primary OR explicitly enabled as a cross-border country (PO-2 approved; not yet enforced - Wave 2/3). Rationale: Transition-to-Retirement (PO-2a, explicitly named).","Net Worth (retirement total), Retirement Forecasting/adequacy, Financial DNA retirement-preparedness","YES if restricted (country_applicability backfill, same pattern as 0084)",MEDIUM (Wave 2 candidate; server enforcement + existing-record preservation logic needed)
retirement,retirement.allocated_pension,Allocated Pension,active,country_applicability=NULL today (unrestricted) - offered to every user regardless of home jurisdiction,HOME_OR_CROSS_BORDER_COUNTRY(AU) - PRODUCT OWNER APPROVED 2026-08-27 (Decision PO-2a/c),AU,"YES - existing records preserved regardless of class (PO-2, approved)","YES - if AU is primary OR explicitly enabled as a cross-border country (PO-2 approved; not yet enforced - Wave 2/3). Rationale: AU superannuation pension-phase product, same family as account-based pension (PO-2a, by direct analogy).","Net Worth (retirement total), Retirement Forecasting/adequacy, Financial DNA retirement-preparedness","YES if restricted (country_applicability backfill, same pattern as 0084)",MEDIUM (Wave 2 candidate; server enforcement + existing-record preservation logic needed)
retirement,retirement.account_based_pension,Account Based Pension,active,country_applicability=NULL today (unrestricted) - offered to every user regardless of home jurisdiction,HOME_OR_CROSS_BORDER_COUNTRY(AU) - PRODUCT OWNER APPROVED 2026-08-27 (Decision PO-2a/c),AU,"YES - existing records preserved regardless of class (PO-2, approved)","YES - if AU is primary OR explicitly enabled as a cross-border country (PO-2 approved; not yet enforced - Wave 2/3). Rationale: account-based pension (PO-2a, explicitly named).","Net Worth (retirement total), Retirement Forecasting/adequacy, Financial DNA retirement-preparedness","YES if restricted (country_applicability backfill, same pattern as 0084)",MEDIUM (Wave 2 candidate; server enforcement + existing-record preservation logic needed)
retirement,retirement.annuity,Annuity,active,country_applicability=NULL (unrestricted) - correct as-is unless PO identifies a hidden jurisdiction dependency,GLOBAL,"ALL (AU, IN, and any future supported country)",YES (n/a - already global),YES (n/a - already global),"Net Worth (retirement total), Retirement Forecasting/adequacy, Financial DNA retirement-preparedness",NONE,LOW
retirement,retirement.overseas_pension,Overseas Pension,active,"country_applicability=NULL (unrestricted) - correct, this item is inherently cross-border","GLOBAL (cross-border-signalling by name) - updated 2026-08-27 for consistency with the five-class model, 01-canonical-architecture.md §7; not restricted, not GLOBAL_WITH_JURISDICTION_VARIANT (no jurisdiction-specific label variant needed - the name itself already signals cross-border relevance)",ALL (item itself denotes a cross-border relationship),YES (this is its entire purpose),YES (no restriction; correct as-is),"Net Worth (retirement total), Retirement Forecasting/adequacy, Financial DNA retirement-preparedness",NONE,LOW
retirement,retirement.retirement_savings,Retirement Savings,active,country_applicability=NULL (unrestricted) - correct as-is unless PO identifies a hidden jurisdiction dependency,GLOBAL,"ALL (AU, IN, and any future supported country)",YES (n/a - already global),YES (n/a - already global),"Net Worth (retirement total), Retirement Forecasting/adequacy, Financial DNA retirement-preparedness",NONE,LOW
retirement,retirement.other_retirement_assets,Other Retirement Assets,active,country_applicability=NULL (unrestricted) - correct as-is unless PO identifies a hidden jurisdiction dependency,GLOBAL,"ALL (AU, IN, and any future supported country)",YES (n/a - already global),YES (n/a - already global),"Net Worth (retirement total), Retirement Forecasting/adequacy, Financial DNA retirement-preparedness",NONE,LOW
insurance,insurance.life_insurance,Life Insurance,active,country_applicability=NULL (unrestricted) - correct as-is unless PO identifies a hidden jurisdiction dependency,GLOBAL,"ALL (AU, IN, and any future supported country)",YES (n/a - already global),YES (n/a - already global),"Financial DNA insurance-adequacy, Resilience insurance coverage score",NONE,LOW
insurance,insurance.income_protection,Income Protection,active,country_applicability=NULL (unrestricted) - correct as-is unless PO identifies a hidden jurisdiction dependency,GLOBAL,"ALL (AU, IN, and any future supported country)",YES (n/a - already global),YES (n/a - already global),"Financial DNA insurance-adequacy, Resilience insurance coverage score",NONE,LOW
insurance,insurance.tpd,TPD,active,country_applicability=NULL (unrestricted) - correct as-is unless PO identifies a hidden jurisdiction dependency,GLOBAL,"ALL (AU, IN, and any future supported country)",YES (n/a - already global),YES (n/a - already global),"Financial DNA insurance-adequacy, Resilience insurance coverage score",NONE,LOW
insurance,insurance.trauma_insurance,Trauma Insurance,active,country_applicability=NULL (unrestricted) - correct as-is unless PO identifies a hidden jurisdiction dependency,GLOBAL,"ALL (AU, IN, and any future supported country)",YES (n/a - already global),YES (n/a - already global),"Financial DNA insurance-adequacy, Resilience insurance coverage score",NONE,LOW
insurance,insurance.private_health_insurance,Private Health Insurance,active,country_applicability=NULL (unrestricted) - correct as-is unless PO identifies a hidden jurisdiction dependency,GLOBAL,"ALL (AU, IN, and any future supported country)",YES (n/a - already global),YES (n/a - already global),"Financial DNA insurance-adequacy, Resilience insurance coverage score",NONE,LOW
insurance,insurance.hospital_cover,Hospital Cover,active,country_applicability=NULL (unrestricted) - correct as-is unless PO identifies a hidden jurisdiction dependency,GLOBAL,"ALL (AU, IN, and any future supported country)",YES (n/a - already global),YES (n/a - already global),"Financial DNA insurance-adequacy, Resilience insurance coverage score",NONE,LOW
insurance,insurance.extras_cover,Extras Cover,active,country_applicability=NULL (unrestricted) - correct as-is unless PO identifies a hidden jurisdiction dependency,GLOBAL,"ALL (AU, IN, and any future supported country)",YES (n/a - already global),YES (n/a - already global),"Financial DNA insurance-adequacy, Resilience insurance coverage score",NONE,LOW
insurance,insurance.home_insurance,Home Insurance,active,country_applicability=NULL (unrestricted) - correct as-is unless PO identifies a hidden jurisdiction dependency,GLOBAL,"ALL (AU, IN, and any future supported country)",YES (n/a - already global),YES (n/a - already global),"Financial DNA insurance-adequacy, Resilience insurance coverage score",NONE,LOW
insurance,insurance.contents_insurance,Contents Insurance,active,country_applicability=NULL (unrestricted) - correct as-is unless PO identifies a hidden jurisdiction dependency,GLOBAL,"ALL (AU, IN, and any future supported country)",YES (n/a - already global),YES (n/a - already global),"Financial DNA insurance-adequacy, Resilience insurance coverage score",NONE,LOW
insurance,insurance.landlord_insurance,Landlord Insurance,active,country_applicability=NULL (unrestricted) - correct as-is unless PO identifies a hidden jurisdiction dependency,GLOBAL,"ALL (AU, IN, and any future supported country)",YES (n/a - already global),YES (n/a - already global),"Financial DNA insurance-adequacy, Resilience insurance coverage score",NONE,LOW
insurance,insurance.building_insurance,Building Insurance,active,country_applicability=NULL (unrestricted) - correct as-is unless PO identifies a hidden jurisdiction dependency,GLOBAL,"ALL (AU, IN, and any future supported country)",YES (n/a - already global),YES (n/a - already global),"Financial DNA insurance-adequacy, Resilience insurance coverage score",NONE,LOW
insurance,insurance.motor_vehicle_insurance,Motor Vehicle Insurance,active,country_applicability=NULL (unrestricted) - correct as-is unless PO identifies a hidden jurisdiction dependency,GLOBAL,"ALL (AU, IN, and any future supported country)",YES (n/a - already global),YES (n/a - already global),"Financial DNA insurance-adequacy, Resilience insurance coverage score",NONE,LOW
insurance,insurance.motorcycle_insurance,Motorcycle Insurance,active,country_applicability=NULL (unrestricted) - correct as-is unless PO identifies a hidden jurisdiction dependency,GLOBAL,"ALL (AU, IN, and any future supported country)",YES (n/a - already global),YES (n/a - already global),"Financial DNA insurance-adequacy, Resilience insurance coverage score",NONE,LOW
insurance,insurance.boat_insurance,Boat Insurance,active,country_applicability=NULL (unrestricted) - correct as-is unless PO identifies a hidden jurisdiction dependency,GLOBAL,"ALL (AU, IN, and any future supported country)",YES (n/a - already global),YES (n/a - already global),"Financial DNA insurance-adequacy, Resilience insurance coverage score",NONE,LOW
insurance,insurance.caravan_insurance,Caravan Insurance,active,country_applicability=NULL (unrestricted) - correct as-is unless PO identifies a hidden jurisdiction dependency,GLOBAL,"ALL (AU, IN, and any future supported country)",YES (n/a - already global),YES (n/a - already global),"Financial DNA insurance-adequacy, Resilience insurance coverage score",NONE,LOW
insurance,insurance.travel_insurance,Travel Insurance,active,country_applicability=NULL (unrestricted) - correct as-is unless PO identifies a hidden jurisdiction dependency,GLOBAL,"ALL (AU, IN, and any future supported country)",YES (n/a - already global),YES (n/a - already global),"Financial DNA insurance-adequacy, Resilience insurance coverage score",NONE,LOW
insurance,insurance.business_insurance,Business Insurance,active,country_applicability=NULL (unrestricted) - correct as-is unless PO identifies a hidden jurisdiction dependency,GLOBAL,"ALL (AU, IN, and any future supported country)",YES (n/a - already global),YES (n/a - already global),"Financial DNA insurance-adequacy, Resilience insurance coverage score",NONE,LOW
insurance,insurance.professional_indemnity,Professional Indemnity,active,country_applicability=NULL (unrestricted) - correct as-is unless PO identifies a hidden jurisdiction dependency,GLOBAL,"ALL (AU, IN, and any future supported country)",YES (n/a - already global),YES (n/a - already global),"Financial DNA insurance-adequacy, Resilience insurance coverage score",NONE,LOW
insurance,insurance.public_liability,Public Liability,active,country_applicability=NULL (unrestricted) - correct as-is unless PO identifies a hidden jurisdiction dependency,GLOBAL,"ALL (AU, IN, and any future supported country)",YES (n/a - already global),YES (n/a - already global),"Financial DNA insurance-adequacy, Resilience insurance coverage score",NONE,LOW
insurance,insurance.cyber_insurance,Cyber Insurance,active,country_applicability=NULL (unrestricted) - correct as-is unless PO identifies a hidden jurisdiction dependency,GLOBAL,"ALL (AU, IN, and any future supported country)",YES (n/a - already global),YES (n/a - already global),"Financial DNA insurance-adequacy, Resilience insurance coverage score",NONE,LOW
insurance,insurance.pet_insurance,Pet Insurance,active,country_applicability=NULL (unrestricted) - correct as-is unless PO identifies a hidden jurisdiction dependency,GLOBAL,"ALL (AU, IN, and any future supported country)",YES (n/a - already global),YES (n/a - already global),"Financial DNA insurance-adequacy, Resilience insurance coverage score",NONE,LOW
insurance,insurance.loan_protection,Loan Protection,active,country_applicability=NULL (unrestricted) - correct as-is unless PO identifies a hidden jurisdiction dependency,GLOBAL,"ALL (AU, IN, and any future supported country)",YES (n/a - already global),YES (n/a - already global),"Financial DNA insurance-adequacy, Resilience insurance coverage score",NONE,LOW
insurance,insurance.mortgage_insurance,Mortgage Insurance,active,country_applicability=NULL (unrestricted) - correct as-is unless PO identifies a hidden jurisdiction dependency,GLOBAL,"ALL (AU, IN, and any future supported country)",YES (n/a - already global),YES (n/a - already global),"Financial DNA insurance-adequacy, Resilience insurance coverage score",NONE,LOW
insurance,insurance.income_continuation,Income Continuation,active,country_applicability=NULL (unrestricted) - correct as-is unless PO identifies a hidden jurisdiction dependency,GLOBAL,"ALL (AU, IN, and any future supported country)",YES (n/a - already global),YES (n/a - already global),"Financial DNA insurance-adequacy, Resilience insurance coverage score",NONE,LOW
insurance,insurance.funeral_insurance,Funeral Insurance,active,country_applicability=NULL (unrestricted) - correct as-is unless PO identifies a hidden jurisdiction dependency,GLOBAL,"ALL (AU, IN, and any future supported country)",YES (n/a - already global),YES (n/a - already global),"Financial DNA insurance-adequacy, Resilience insurance coverage score",NONE,LOW
insurance,insurance.other_insurance,Other Insurance,active,country_applicability=NULL (unrestricted) - correct as-is unless PO identifies a hidden jurisdiction dependency,GLOBAL,"ALL (AU, IN, and any future supported country)",YES (n/a - already global),YES (n/a - already global),"Financial DNA insurance-adequacy, Resilience insurance coverage score",NONE,LOW
